topic,item,derived,parent,repo_id,lot,level,course_refs,flashcard_refs,question_refs,questions_owned,coverage,version,finding
PHP,PHP API up to PHP 8.4 version,False,,OIT-46ry8d7dypmb,lot-01,STANDARD,CRS-722pscs6e2m0,FLC-ef5rh3zk8shg,QST-g3y2dqj5820q;QST-7etwbjrngfd0,3,FULL,Symfony 8.0,
PHP,Object Oriented Programming,False,,OIT-ywrx9x3hg9z8,lot-01,STANDARD,CRS-3424z948caan,FLC-xcnrvq0mddck,QST-9be1jmm121k3;QST-ytndnvdgvahh,3,FULL,Symfony 8.0,
PHP,Attributes,False,,OIT-1kjqdnryaw0h,lot-01,STANDARD,CRS-tqcp2kn9r3b5,FLC-6rbhadxrw3sh,QST-rj0n6b7rxh74;QST-trxpf8mvw13a,3,FULL,Symfony 8.0,
PHP,Interfaces,False,,OIT-vt0p9cacpkpd,lot-01,MINIMAL,CRS-e4y7gtn5k4f0,,QST-z4f4sxjhrhk1;QST-9r75z716zt0h,2,FULL,Symfony 8.0,
PHP,Anonymous functions and closures,False,,OIT-fhb3vz7xbt5h,lot-01,STANDARD,CRS-e7m4xbcxegyc,FLC-ypkjgzcsjn5v,QST-wd0d31jfm7vq;QST-kabex2vv2wme,3,FULL,Symfony 8.0,
PHP,Abstract classes,False,,OIT-webdvbgbrfth,lot-01,STANDARD,CRS-0jtjh77tabt1,,QST-e35gsy2e4vr3;QST-jhbpm176qdkc,3,FULL,Symfony 8.0,
PHP,Exception and error handling,False,,OIT-bvnvx2b6yt2y,lot-01,STANDARD,CRS-yc9fry0vz4gh,FLC-8xtkgssqtqmg,QST-hdx34ew6s8ah;QST-fhrga35d77wa,4,FULL,Symfony 8.0,
PHP,Traits,False,,OIT-n0zfkcr189af,lot-01,STANDARD,CRS-bshgpd44ykba,FLC-nt75xsr5ygw0,QST-jg9dftsvh67e;QST-gpz2ww98k670,4,FULL,Symfony 8.0,
PHP,Enums,False,,OIT-hqz5c2qse24w,lot-01,STANDARD,CRS-3sggmeyd01x6,FLC-h8jcxsh0da3t,QST-99hmydsyg0qy;QST-6bn09p657t3v,3,FULL,Symfony 8.0,
HTTP,HTTP Specification (RFC 9110),False,,OIT-7801mj6w73ky,lot-02,MINIMAL,CRS-depbnbc0g82x,,QST-ktj89z3z3d5c;QST-tdqxjjpwv51c,2,FULL,Symfony 8.0,
HTTP,Status codes,False,,OIT-512se83ab7qj,lot-02,MINIMAL,CRS-984c2bv3wh09,FLC-bhhj8tz5bqg3;FLC-bwn83abnd4vh,QST-z6te5yeyyzpj;QST-enxn0ad65n0w,2,FULL,Symfony 8.0,
HTTP,HTTP request,False,,OIT-d3nyk9z0q2pd,lot-02,STANDARD,CRS-222wq64mqxye,FLC-ke52b2c0c9vm,QST-cxq2pvqpazts;QST-0yt0wew1kzge,4,FULL,Symfony 8.0,
HTTP,HTTP response,False,,OIT-jh06tkfrhthq,lot-02,STANDARD,CRS-hdsq2qdz7qdv,FLC-c3jxj5v9jt5n,QST-8twgxeyvsp73;QST-1x99cch6bwr6,3,FULL,Symfony 8.0,
HTTP,HTTP methods,False,,OIT-qnm508g1ktqm,lot-02,STANDARD,CRS-erfvgqsx1z2p,FLC-fwh5svxege2c,QST-xbkvhs464f4r;QST-0va8e7fh5szw,3,FULL,Symfony 8.0,
HTTP,Cookies,False,,OIT-bz1f5nh8g9b2,lot-02,STANDARD,CRS-7fa2behkxmf9,FLC-m9c0rxyaz2dj,QST-kc7stf86x9jh;QST-hmpny1fkf8mv,3,FULL,Symfony 8.0,
HTTP,Caching,False,,OIT-tc39jp8japfc,lot-02,STANDARD,CRS-e3j0d3a8ndrf,FLC-17ebjqxfdy6d,QST-1jpkm1x11jb8;QST-2gvnfhbwzpaa,4,FULL,Symfony 8.0,
HTTP,Content negotiation,False,,OIT-mrvrtxm4v2m5,lot-02,STANDARD,CRS-dab7evz3fe29,,QST-r4sq1djrd7pj;QST-9avmc0skt5w1,3,FULL,Symfony 8.0,
HTTP,Language detection,False,,OIT-fhjmv9w3wxsb,lot-02,MINIMAL,CRS-qa0x33akw264,,QST-g3sw71qz8dnq;QST-whsz8qfwgcby,2,FULL,Symfony 8.0,
HTTP,Symfony HttpClient component,False,,OIT-9kh5cqz5qtrb,lot-02,STANDARD,CRS-ez2qmqfk902e,FLC-7cnykd5c7nxy,QST-hnjpg1kv733t;QST-r6wwzwfx7mqc,3,FULL,Symfony 8.0,
Symfony Architecture,HttpFoundation component,False,,OIT-y0ah7pq9c4hv,lot-03,MINIMAL,CRS-epx8j3fhb38n,,QST-cs5czk986ceh;QST-811tsrpkggk6,2,FULL,Symfony 8.0,
Symfony Architecture,Symfony Flex,False,,OIT-132nwnh9c6bc,lot-03,STANDARD,CRS-tyf3yfxjc3sa,,QST-eprt4675bxt3;QST-fdw0fry94aqb,3,FULL,Symfony 8.0,
Symfony Architecture,License,False,,OIT-347k8phdewem,lot-03,MINIMAL,CRS-y84syktt20ww,,QST-2phg00bdwb17;QST-wc38szf5asj9,2,FULL,Symfony 8.0,
Symfony Architecture,Components and Bridges,False,,OIT-d416348gfhde,lot-03,STANDARD,CRS-1bxqx6ks853z,,QST-2wczm0rxvsj1;QST-930jj2sxej0j,3,FULL,Symfony 8.0,
Symfony Architecture,Code organization,False,,OIT-p3p7te94qc1n,lot-03,STANDARD,CRS-156khyjssm25,,QST-anhjdyw3sw5z;QST-ys2pndyx4es9,3,FULL,Symfony 8.0,
Symfony Architecture,Request handling,False,,OIT-7sewqvmw6468,lot-03,DEEP,CRS-mpwjc4g3vmj7,FLC-jjsdae8j3b56;FLC-62g2dayy67zs,QST-7b5q7zedg43v;QST-ewzwmzm44g5g,4,FULL,Symfony 8.0,
Symfony Architecture,Exception handling,False,,OIT-xc4zfr70jjas,lot-03,STANDARD,CRS-kd67y4vnd0mm,FLC-79nmwswd5a50,QST-0rxv1000z941;QST-2mew7wbq7j4s,3,FULL,Symfony 8.0,
Symfony Architecture,Event dispatcher and kernel events,False,,OIT-rd9b27fkb72r,lot-03,DEEP,CRS-2hpcy2rscq7m,FLC-4hjvn6s53v7y,QST-y51441y0byrz;QST-chxqtjssb1tr,3,FULL,Symfony 8.0,
Symfony Architecture,Official best practices,False,,OIT-hzbednd04fd4,lot-03,STANDARD,CRS-k2xvr11x936e,,QST-7gk1cdmy0rxh;QST-nz6jxdj32j14,3,FULL,Symfony 8.0,
Symfony Architecture,Backward compatibility promise,False,,OIT-vk57zg2wpep7,lot-03,STANDARD,CRS-21ec5kwrcmkm,FLC-rzxtm8jvz6k3;FLC-tbf0byhf3qkz,QST-z8vj7aat8jkk;QST-daw9r7qrsmpc,4,FULL,Symfony 8.0,
Symfony Architecture,Deprecations best practices,False,,OIT-ehf5zdnmdb1j,lot-03,STANDARD,CRS-rkq1d437dw5d,FLC-9m8p1pfmbs1b,QST-qyf1tg8cm0w6;QST-0cakcdv6cmbb,3,FULL,Symfony 8.0,
Symfony Architecture,Framework overloading,False,,OIT-efzq92vdtayj,lot-03,STANDARD,CRS-f9s8mpaydnbx,,QST-afrgkknny4fv;QST-xms6c8xjd03a,3,FULL,Symfony 8.0,
Symfony Architecture,Release management and roadmap schedule,False,,OIT-pk5s7cnhk776,lot-03,STANDARD,CRS-6m32av3nr9eh,FLC-9m38p016nbap;FLC-p6z5q1gh8any,QST-bjgx2g2df63b;QST-c4e421nb4abj,3,FULL,Symfony 8.0,
Symfony Architecture,Framework interoperability and PSRs,False,,OIT-kcj9a5846b1s,lot-03,STANDARD,CRS-f74jcpnrrkhz,,QST-snvr37zq14z9;QST-0djgsnp61392,3,FULL,Symfony 8.0,
Symfony Architecture,Naming conventions,False,,OIT-c9pjp03cv4bq,lot-03,MINIMAL,CRS-9g4qrgfs7nm4,FLC-00w816qz6wh8,QST-0r834aw9wqn9;QST-ph0fe1zhzeya,2,FULL,Symfony 8.0,
Controllers,HttpKernel component and FrameworkBundle,False,,OIT-qr7gnht5s847,lot-04,STANDARD,CRS-tygmreqkkds3,,QST-1rm2gsd2rpg3;QST-kd99n7e6g9ka,3,FULL,Symfony 8.0,
Controllers,Naming conventions,False,,OIT-ycc2c8tnv68h,lot-04,MINIMAL,CRS-9fz4erg0wmbq,,QST-j3r9v4jqw00n;QST-kyp8v8zrb8r3,2,FULL,Symfony 8.0,
Controllers,The base AbstractController class,False,,OIT-gqpj4rbt0hc7,lot-04,STANDARD,CRS-h8s87edcx8ae,,QST-dnxpede76ew1;QST-2vj8n6hfss62,4,FULL,Symfony 8.0,
Controllers,The request,False,,OIT-6cr9b8ea8g32,lot-04,MINIMAL,CRS-ea3twt9jcan2,,QST-da21bxhgtjcr;QST-ahd7kee2rcdn,2,FULL,Symfony 8.0,
Controllers,The response,False,,OIT-2emwghgkkrdy,lot-04,STANDARD,CRS-a669jpap5zf2,FLC-50qy4aqc9d2a,QST-qbvmn4ak00xe;QST-f1y8ffw897x7,3,FULL,Symfony 8.0,
Controllers,The cookies,False,,OIT-pfrzrr0qcmh3,lot-04,MINIMAL,CRS-thmkagkjcvh3,,QST-11nk5754rpdh;QST-trtmk0t0xknv,2,FULL,Symfony 8.0,
Controllers,The session,False,,OIT-e41m74xaqhy7,lot-04,STANDARD,CRS-a51fqgqynr2d,FLC-5j16211q845x;FLC-zm3kmyhm6szz,QST-b5rsrffwd1ja;QST-mgyhknb5qevq,3,FULL,Symfony 8.0,
Controllers,The flash messages,False,,OIT-65bev6t7wbna,lot-04,MINIMAL,CRS-ak7sdgcdjb7e,FLC-gdkt0hht9dce,QST-hw8ee6r7vmgd;QST-ts94r3a8c3f0,2,FULL,Symfony 8.0,
Controllers,HTTP redirects,False,,OIT-bwfqarnn6s2f,lot-04,MINIMAL,CRS-7zy5ndjgnpk1,FLC-dkb30nnrfmqs,QST-rh33zfabnd6v;QST-w5n16306gg5v,2,FULL,Symfony 8.0,
Controllers,Internal redirects,False,,OIT-znm2tr61aw9p,lot-04,STANDARD,CRS-fd24qxy0x1s6,FLC-zmzjmptaw0gd,QST-8gc5zq1h2p98;QST-jm00zq4z9sez,4,FULL,Symfony 8.0,
Controllers,Generate 404 pages,False,,OIT-emymfwgesh99,lot-04,STANDARD,CRS-p57qsnnfpd2a,FLC-b3yz3wtpa5xx,QST-5kn8tfb5k3s3;QST-z3r0at4fmp23,3,FULL,Symfony 8.0,
Controllers,File upload,False,,OIT-tb3bnd6b0f01,lot-04,STANDARD,CRS-5pns7nw7612s,FLC-76q0tk8w87yb,QST-cztz9ndc5pc0;QST-myjwe916hpfp,3,FULL,Symfony 8.0,
Controllers,Built-in internal controllers,False,,OIT-e93sa9rd4kd9,lot-04,STANDARD,CRS-zmg0wrxvqqdq,FLC-wvcgqvv01k3x,QST-1kdkyp9r94d1;QST-df9adrfdyn46,3,FULL,Symfony 8.0,
Controllers,Argument value resolvers,False,,OIT-8hs6e05vq91g,lot-04,DEEP,CRS-d5ffd8b704zs,FLC-s0173seh75yz,QST-a8y5n999x97w;QST-wqmsve0rpm50;QST-9rwkjyzgr7hg,4,FULL,Symfony 8.0,
Routing,Routing component and FrameworkBundle,False,,OIT-ceaw3ewfsw85,lot-05,STANDARD,CRS-2nwv1v57j7ef,,QST-am0fchhs6cs8;QST-sy8yv5y6kfbe,3,FULL,Symfony 8.0,
Routing,Configuration (YAML and PHP attributes),False,,OIT-egy2wn3z7gb7,lot-05,STANDARD,CRS-kqq96z5y9r2f,FLC-t45m07frz2sv,QST-cfhm8d3qscwq;QST-psqn0fe95khc,3,FULL,Symfony 8.0,
Routing,Restrict URL parameters,False,,OIT-1cj08dhtp9hj,lot-05,STANDARD,CRS-wg3j0t5pm7w1,FLC-s7es8e4pq9vf,QST-e4m2fqttjv3f;QST-nzk49a60g2w7,4,FULL,Symfony 8.0,
Routing,Set default values to URL parameters,False,,OIT-ff0kghjbzvpm,lot-05,STANDARD,CRS-vkgr06y3x72g,FLC-x8ga0twzt6g1;FLC-5j4yp6wp9yzk,QST-8batm9anrn18;QST-8ga6z9sfbv40,3,FULL,Symfony 8.0,
Routing,URLs generation,False,,OIT-81b2c0jmv2j3,lot-05,STANDARD,CRS-sx61as7r7p0d,,QST-8k29tz9vy6mt;QST-0y1zbrpb67fw,4,FULL,Symfony 8.0,
Routing,Trigger redirects,False,,OIT-d51jbkfs21pt,lot-05,STANDARD,CRS-tgbv3wp66rcc,FLC-qtcf6sp62jpq,QST-d0mf49sax6yj;QST-np471a1fkmv6,3,FULL,Symfony 8.0,
Routing,Special internal routing attributes,False,,OIT-4pgc74ctc3vc,lot-05,STANDARD,CRS-nhebf7arqvn4,,QST-af1e821vzx6r;QST-m5x0wprr2kvf,3,FULL,Symfony 8.0,
Routing,Domain name matching,False,,OIT-21m4pmtymygn,lot-05,MINIMAL,CRS-2b1wzm3rwdrn,,QST-c8g1bj0n5dqs;QST-qq1rr2xpmn82,2,FULL,Symfony 8.0,
Routing,Conditional request matching,False,,OIT-e2zrm9qkpx7j,lot-05,STANDARD,CRS-f92d09x14ggx,FLC-hyrr6qtdkfh9,QST-wackwv87118n;QST-zre5tj917bfe,3,FULL,Symfony 8.0,
Routing,HTTP methods matching,False,,OIT-5g82spham3vm,lot-05,MINIMAL,CRS-h3q0qxnq8eq0,FLC-v2wg754jbxy7,QST-n9mqsvxnxvsz;QST-xadb43t30n4e,2,FULL,Symfony 8.0,
Routing,User's locale guessing,False,,OIT-xxcpx1qssp93,lot-05,STANDARD,CRS-evzcj63fgdb7,FLC-hdwv8cdrrdwb,QST-e5r36kab4gdn;QST-sx1wkkf00607,3,FULL,Symfony 8.0,
Routing,Router debugging,False,,OIT-8sr74a2wnb3r,lot-05,MINIMAL,CRS-8dgxs89hrah0,,QST-2m6tem2jg4d4;QST-d3z5234k4p9k,2,FULL,Symfony 8.0,
Templating with Twig,TwigBundle,False,,OIT-b9x8az2bx4t8,lot-06,STANDARD,CRS-2bj91rj9kvj0,,QST-nqeq65rj5m97;QST-k1qgrrevaw40,3,FULL,Symfony 8.0,
Templating with Twig,Twig syntax up to 3.22 version,False,,OIT-vhd83fn6w9wy,lot-06,DEEP,CRS-x2f8reencvcs,FLC-2e8x0yx9hbbp;FLC-zv7yngs0n7zm,QST-2xamk5ahfyyn;QST-fendqkqnnjqj;QST-1s9t39gm4yfj,5,FULL,Symfony 8.0,
Templating with Twig,Auto escaping,False,,OIT-ns36thqnh2jk,lot-06,STANDARD,CRS-w82wtddwhexg,FLC-a64hqxfhfzpc,QST-mr5y3tea9rgw;QST-hqqnvh8n266m,4,FULL,Symfony 8.0,
Templating with Twig,Template inheritance,False,,OIT-g3p8wdtww344,lot-06,STANDARD,CRS-k3v3wrt0hmtx,FLC-mype643dt889,QST-f9dbbk5scdxt;QST-81q6m585fqxs,3,FULL,Symfony 8.0,
Templating with Twig,Global variables,False,,OIT-dp7w7s85wxjg,lot-06,STANDARD,CRS-r56yzzb4pye2,,QST-m6pb3s1ek4qg;QST-m49e8kfejtww,3,FULL,Symfony 8.0,
Templating with Twig,Filters and functions,False,,OIT-sqekx9pkbe5v,lot-06,STANDARD,CRS-306ppg4454wj,,QST-kpt3rdmkphrw;QST-s6snn83ndr2e,3,FULL,Symfony 8.0,
Templating with Twig,Template includes,False,,OIT-ds2p5d4eg0pq,lot-06,STANDARD,CRS-w83y6pfa5edn,,QST-ds7wq19b5c0b;QST-kvtpnyrtd4xj,3,FULL,Symfony 8.0,
Templating with Twig,Loops and conditions,False,,OIT-84j0qwkbcgq6,lot-06,STANDARD,CRS-zbnzvqkhjknh,FLC-y4mtc33awnjy;FLC-n6w80mr1j8s1,QST-ectrc20a3daw;QST-12bq5dm5yc6s,3,FULL,Symfony 8.0,
Templating with Twig,URLs generation,False,,OIT-yh6zx9shv9vs,lot-06,MINIMAL,CRS-dpbpbgwjey5c,,QST-n45xyv1gqstp;QST-p2ceq2j1mg16,2,FULL,Symfony 8.0,
Templating with Twig,Controller rendering,False,,OIT-c34hn4px3czj,lot-06,STANDARD,CRS-yw6c5hq2mbax,,QST-s7bzj5nsnw1g;QST-nfe9sv3qesa2,3,FULL,Symfony 8.0,
Templating with Twig,Translations and pluralization,False,,OIT-sd08j04k60m0,lot-06,STANDARD,CRS-q18xc1k4yvb9,FLC-2qe2jetwm5pq,QST-6vv657ts3r2y;QST-q8q1ra28925h,3,FULL,Symfony 8.0,
Templating with Twig,String interpolation,False,,OIT-30gnb617ksex,lot-06,MINIMAL,CRS-dfyab4kpcapw,FLC-he6t8kt6dpva,QST-z1dcqdz8cm6a;QST-e8w4fyajxpm5,2,FULL,Symfony 8.0,
Templating with Twig,Assets management,False,,OIT-tw3xaqbz8xjy,lot-06,MINIMAL,CRS-ym86ptkhfgap,,QST-sgmgf58d4tja;QST-px35sagvb53s,2,FULL,Symfony 8.0,
Templating with Twig,Debugging variables,False,,OIT-3r7rp470754w,lot-06,MINIMAL,CRS-vx5kvfhs0p0s,FLC-f2fz5g5z16nj,QST-9qdj97kmt1m5;QST-tk7sqrt8mcwa,2,FULL,Symfony 8.0,
Forms,Form component,False,,OIT-tsxxgp3ppj1n,lot-07,STANDARD,CRS-txp6tjhjtfy8,,QST-a4xhs81g86kj;QST-174t76nj5hh1,3,FULL,Symfony 8.0,
Forms,Forms creation,False,,OIT-fhpttc4c5x0k,lot-07,STANDARD,CRS-8msvfwe13mpb,,QST-b4y5mz01a7na;QST-6ygjf6k55wpk,3,FULL,Symfony 8.0,
Forms,Forms handling,False,,OIT-mgvdw7cfpwyz,lot-07,STANDARD,CRS-nfkzx2s1n3r3,FLC-jsbfc1cnv01y,QST-zkgdt4kc1h0g;QST-fy9ptsw9q7d7,4,FULL,Symfony 8.0,
Forms,Form types (built-in and custom),False,,OIT-5xvjqa4203xe,lot-07,STANDARD,CRS-f9pen0bdyrr9,,QST-hhxx71xmb9jk;QST-yyzehfrg9w4n,3,FULL,Symfony 8.0,
Forms,Forms rendering with Twig,False,,OIT-gxew257vwhm8,lot-07,STANDARD,CRS-b5nj93xzz10b,FLC-yvey5gkx1zhd,QST-nnj43wzztp2y;QST-4915capts8mb,3,FULL,Symfony 8.0,
Forms,Forms theming,False,,OIT-j2vjdxcer4ft,lot-07,STANDARD,CRS-r3xywnpwrwh7,FLC-8yczcp0s4a1c;FLC-5g65x0xtgdn7,QST-6tbd9rk49r20;QST-psfqmcny5kpw,4,FULL,Symfony 8.0,
Forms,CSRF protection,False,,OIT-dmkbj2x94rks,lot-07,STANDARD,CRS-0yhqc0b1q7hz,,QST-z6w320n9hz0m;QST-8xa0cc55zffm,3,FULL,Symfony 8.0,
Forms,Handling file upload,False,,OIT-j6tqs8s8f54f,lot-07,MINIMAL,CRS-cpvcczhj7bzx,,QST-h3r0j23kcfbe;QST-5vpn3hptj28b,2,FULL,Symfony 8.0,
Forms,Built-in form types,False,,OIT-p810t98zedem,lot-07,MINIMAL,CRS-zsgx3tvpy1kn,,QST-kr1xezgf2gp6;QST-1hb2524n0hsk,2,FULL,Symfony 8.0,
Forms,Data transformers,False,,OIT-58r9dadx916v,lot-07,STANDARD,CRS-cj36gys6vatx,FLC-tta4ns1abpfy,QST-bj8py053ynmp;QST-xa0hazmsb5mc,3,FULL,Symfony 8.0,
Forms,Form events,False,,OIT-v7zyhcm44m88,lot-07,DEEP,CRS-b2pn9zz55e4n,FLC-e83vsz7hvkpp;FLC-7904k5rak62c;FLC-gg8d18g1cqqv,QST-ra9z9d42ddqa;QST-tv47j0hjexr0;QST-5x6x0fgxqk43,4,FULL,Symfony 8.0,
Forms,Form type extensions,False,,OIT-gcs0jathkv9b,lot-07,MINIMAL,CRS-k4ejsd624d1p,,QST-mc97gbqdk57v;QST-vp34fa6btm3y,2,FULL,Symfony 8.0,
Forms,Form options (OptionsResolver component),False,,OIT-rj9web4whgmz,lot-07,STANDARD,CRS-pchb259hnbh3,FLC-rpr50wc4n7f6,QST-7ef7528zsm5p;QST-0gsam1vp228d,3,FULL,Symfony 8.0,
Data Validation,Validator component,False,,OIT-6wd8860brzfy,lot-08,STANDARD,CRS-way4aktj2d5m,FLC-3sceej8y8a54,QST-ga6bhvbf0ecp;QST-m5f3k7za0tpt,3,FULL,Symfony 8.0,
Data Validation,PHP object validation,False,,OIT-d3yp0sq36xrx,lot-08,STANDARD,CRS-ax2v94pgbk0g,FLC-qb5nx97jkjav,QST-g22z7fmy0cg3;QST-6snh12yz2gz2,3,FULL,Symfony 8.0,
Data Validation,Built-in validation constraints,False,,OIT-9x3strrjdng7,lot-08,STANDARD,CRS-569y6hb7fwj5,FLC-7p2ygq8ft3x4,QST-9zsx244xw271;QST-fh0eh8ct9m8r,4,FULL,Symfony 8.0,
Data Validation,Validation scopes,False,,OIT-ttwpe00f32q9,lot-08,STANDARD,CRS-wzmrks85zyh1,FLC-swztaetynk4y,QST-5ryp5r5qg631;QST-6sxdmsbatps8,3,FULL,Symfony 8.0,
Data Validation,Validation groups,False,,OIT-kkhb3wd341ex,lot-08,STANDARD,CRS-vskyr5zdwr2t,FLC-mvq0exxwwfxa,QST-1c6zphv3dzgc;QST-znrf5tj46jjt,3,FULL,Symfony 8.0,
Data Validation,Group sequence,False,,OIT-rwavvsx2d7nq,lot-08,DEEP,CRS-bthv5xmh5wea,FLC-rstx3zwpz28w,QST-467dyvf9ht74;QST-h9d44gg643q8;QST-0hcwz5ma0vpr,5,FULL,Symfony 8.0,
Data Validation,Custom callback validators,False,,OIT-hcdrp2y7kbct,lot-08,STANDARD,CRS-96w05v20b8w1,FLC-6n0qg98nptxe,QST-mhm4eqjg10s2;QST-569d837g7cjg,3,FULL,Symfony 8.0,
Data Validation,Violations builder,False,,OIT-0wnxbapegqhv,lot-08,STANDARD,CRS-d235sja3h7y2,FLC-crtrxfbtxbrw,QST-egqjqhe0s1vv;QST-r3bv4np3ttcs,3,FULL,Symfony 8.0,
Dependency Injection,Dependency Injection component,False,,OIT-92ctf3sy3ddk,lot-09,STANDARD,CRS-htvm3b1gas0d,FLC-1y9kmkwvmjg7,QST-bkff08xmt369;QST-ttahda62q0me,3,FULL,Symfony 8.0,
Dependency Injection,Service container,False,,OIT-79f4n087b66c,lot-09,STANDARD,CRS-p1694d5f7r8c,FLC-cv9s7bswxrh8,QST-b9cxe8hzrxnz;QST-8cz03w4xazh4,3,FULL,Symfony 8.0,
Dependency Injection,Built-in services,False,,OIT-dy7108w6bf4z,lot-09,MINIMAL,CRS-jtkmpfp3nwzk,FLC-7xkwp2t1hefj,QST-0mgw5r64r7pf;QST-8ejeqdapg6aq,2,FULL,Symfony 8.0,
Dependency Injection,Configuration parameters,False,,OIT-ar4h3zfskjsp,lot-09,STANDARD,CRS-8zmj5ntgdhjv,FLC-kbnpt2sv2dss,QST-p6eftemqgsfx;QST-cb9sywaj1nde,3,FULL,Symfony 8.0,
Dependency Injection,Services registration (YAML and PHP attributes),False,,OIT-stze9x4aydp3,lot-09,STANDARD,CRS-g8fteyd38nrt,FLC-6a9ngbsfteyg,QST-gfqb0xrb7tbx;QST-q2p4t3hjc5x0,3,FULL,Symfony 8.0,
Dependency Injection,Service decoration,False,,OIT-adhs2ny9hc5f,lot-09,STANDARD,CRS-fkebqqqke5y5,FLC-xj1bfncctk1r,QST-3zf09tnf1rkj;QST-zbx19jnjr7gz,4,FULL,Symfony 8.0,
Dependency Injection,Tags,False,,OIT-83sac57rw0xn,lot-09,STANDARD,CRS-b4g5s2asb9ye,FLC-tv2t8a6yt50g,QST-t4bgmrx3q0cg;QST-wdn59cym1fv8,3,FULL,Symfony 8.0,
Dependency Injection,Semantic configuration,False,,OIT-qj4xfkhwdrx7,lot-09,STANDARD,CRS-exs5dvtqa1as,FLC-dmvk9r2pqhsg,QST-2q21a2srg5hr;QST-qzgxkh2b2pa5,3,FULL,Symfony 8.0,
Dependency Injection,Factories,False,,OIT-h2n7d7dbr56p,lot-09,STANDARD,CRS-1bkg7pkf78c7,FLC-j8n3qsftrmm5,QST-xw4d2n9a8hz5;QST-1ss1gkatj0te,3,FULL,Symfony 8.0,
Dependency Injection,Compiler passes,False,,OIT-3y0b9gxyandm,lot-09,DEEP,CRS-d25bvr0097py,FLC-3f3jxjqynjmj,QST-7ns2ad8j7z7a;QST-4nq445j72q7w;QST-q1jqvtzhr8ga,4,FULL,Symfony 8.0,
Dependency Injection,Services autowiring,False,,OIT-wm3qdqemtap9,lot-09,DEEP,CRS-w6yfxm6ad4zy,FLC-yze03t40rkqr,QST-mg33edgvxqrc;QST-egkw6pqr1hvq;QST-gscp8fh16xed,5,FULL,Symfony 8.0,
Dependency Injection,Service locators,False,,OIT-gkhcbtygef69,lot-09,STANDARD,CRS-0a0d5bp6769e,FLC-zn7hhaddbzd2,QST-gkhpzxneegbr;QST-qh1cbg5wp55k,3,FULL,Symfony 8.0,
Security,"Security Core, CSRF and PasswordHasher components",False,,OIT-942znmbjwvad,lot-10,STANDARD,CRS-awb7sd999c5j,FLC-pd0dmdcagt1k,QST-xe6gkw0420ba;QST-wfkk6ayjt3qb,3,FULL,Symfony 8.0,
Security,Authentication,False,,OIT-z9c24d68et6w,lot-10,STANDARD,CRS-rdzx4ka72saj,FLC-y9jp85bpbh2v,QST-472n92c01v8z;QST-eazddxd7m5ht,3,FULL,Symfony 8.0,
Security,Authorization,False,,OIT-3qgn13f7zvqx,lot-10,STANDARD,CRS-8hwpzyk1hrq9,FLC-qtz62rzb36q3,QST-71pfa2rprjj4;QST-ty80h8rawm9h,3,FULL,Symfony 8.0,
Security,Configuration,False,,OIT-xh63g15rz6n3,lot-10,STANDARD,CRS-yvhg325ax38y,FLC-paer6jdxzr95,QST-xpq3ys8psrac;QST-2eztey3aja7g,3,FULL,Symfony 8.0,
Security,Providers,False,,OIT-45p7535dk4s2,lot-10,STANDARD,CRS-enbbsykx22xe,FLC-zpyvxwvf1x8a,QST-f49jfgm58qr0;QST-b10yfhxnfhh6,3,FULL,Symfony 8.0,
Security,Firewalls,False,,OIT-rwa6m06crs1h,lot-10,STANDARD,CRS-x5frtpg07mmd,FLC-9j0hj0sv3c6j,QST-qyh60jqm5etd;QST-rpz1syn7rpsv,4,FULL,Symfony 8.0,
Security,Users,False,,OIT-gkh08ztwdme1,lot-10,STANDARD,CRS-n9ngfssrq1bt,FLC-ygn9w70dncp1,QST-62t90ghtbqzj;QST-fy4096tmhna5,3,FULL,Symfony 8.0,
Security,Password hashers,False,,OIT-ta627mbwfz7m,lot-10,STANDARD,CRS-g4sth72ww979,FLC-y8dwv3bw5s2b,QST-cqx6wvrkts6w;QST-k73jk5cstrtv,3,FULL,Symfony 8.0,
Security,Roles,False,,OIT-fw6db7ryrk4q,lot-10,MINIMAL,CRS-2s6e4qgkcqza,FLC-dxqgyh6g3w9z,QST-n2z3zbszfmvt;QST-1cerp5ba1czy,2,FULL,Symfony 8.0,
Security,Access Control Rules,False,,OIT-cwfr5t1ngj23,lot-10,STANDARD,CRS-2ec5yksjfm9s,FLC-1vc4j2vszk96,QST-np172gaybtec;QST-8grwagdms0k7,3,FULL,Symfony 8.0,
Security,"Authenticators, Passports and Badges",False,,OIT-s3jh7wg5km19,lot-10,DEEP,CRS-6gc45etcssfb,FLC-d0cpf8zrpcbj,QST-5darxtca2dmf;QST-3v9qvehmpvj3,4,FULL,Symfony 8.0,
Security,Voters and voting strategies,False,,OIT-kqm5mxq4jnkj,lot-10,DEEP,CRS-y3g0v9nmne3t,FLC-kmf16st6cbrg,QST-bff9s30tjw46;QST-qmjm8vzvrzh9;QST-c8gpyvw5shmy,5,FULL,Symfony 8.0,
Messenger,Messenger component,False,,OIT-hs1297vvhr89,lot-11,STANDARD,CRS-5gezsra1sp01,FLC-7wbtaz9pzty2,QST-4s59dzkg2rff;QST-2vt07hzxfmvq,3,FULL,Symfony 8.0,
Messenger,Transports,False,,OIT-ckr67pq9npyb,lot-11,STANDARD,CRS-se1jr6cxh2n7,FLC-g0g67y6cwvv1,QST-tvzx2c0cqeh8;QST-7ay2hp5jexwb,3,FULL,Symfony 8.0,
Messenger,Messages and handlers,False,,OIT-9a8aa389vk48,lot-11,STANDARD,CRS-ckdp50w2dmy4,FLC-c1z191gbhw72,QST-mzsqzvya53dc;QST-sra8bgw85a7j,3,FULL,Symfony 8.0,
Messenger,Workers,False,,OIT-dctf03ftx44f,lot-11,STANDARD,CRS-e5astysks0ty,FLC-sh7aqjgp5mzt,QST-c0qzhz7ded47;QST-66bdw5shb7py,4,FULL,Symfony 8.0,
Messenger,Retries and failures,False,,OIT-76x1t7z916f4,lot-11,DEEP,CRS-hgkzgm1dh3my,FLC-7hfxx70j2rhg,QST-0v3j82n0d4m7;QST-9c3nh6jtp3px;QST-8vfdesj0zh4w,5,FULL,Symfony 8.0,
Messenger,Middleware,False,,OIT-amnpjdprky6z,lot-11,STANDARD,CRS-h9bfar3cxyet,FLC-c1cqrva0by96,QST-863psghen6px;QST-rpw04mwksvg4,3,FULL,Symfony 8.0,
Messenger,Events,False,,OIT-16at9vwzww43,lot-11,STANDARD,CRS-3pbkhqmw83b2,FLC-69qezsfk9bcg,QST-kwdxjwjwg4j4;QST-1wqesyz1sknh,3,FULL,Symfony 8.0,
Console,Console component,False,,OIT-481gmkgbksnr,lot-12,STANDARD,CRS-brn6frfqpxxj,FLC-1geh3bkk61mh,QST-s9dqp9mfqfrx;QST-zh43s7yzg7nr,3,FULL,Symfony 8.0,
Console,Built-in commands,False,,OIT-zgq6w4jqamvb,lot-12,MINIMAL,CRS-rk0fkn1q5byc,FLC-p7xbhq67h80a,QST-snpbvmx5e280;QST-wgvc9x0rjh0r,2,FULL,Symfony 8.0,
Console,Custom commands,False,,OIT-kbg00jqxxwhq,lot-12,STANDARD,CRS-cb51hcng9dh5,FLC-czhm5c0vv1sv,QST-gbzpgycr1r6g;QST-tvce4echjywq,3,FULL,Symfony 8.0,
Console,Configuration,False,,OIT-1hdmw4gm819r,lot-12,STANDARD,CRS-sf3701ncg2va,FLC-c51027n1sspw,QST-bw6j8k17fx9c;QST-y48awnf4nfnx,3,FULL,Symfony 8.0,
Console,Options and arguments (using PHP attributes),False,,OIT-nr9m883d15qq,lot-12,STANDARD,CRS-q2dxjhx6d35k,FLC-bdrpkzcqw1ww,QST-svybdxxreygm;QST-agnyym2anznf,4,FULL,Symfony 8.0,
Console,Input and Output objects,False,,OIT-65sswf0qhw6c,lot-12,STANDARD,CRS-0ab7kpexq9w9,FLC-vrr7nk2vcdkk,QST-tp80nqtxvarw;QST-5wrcd9ahhth2,3,FULL,Symfony 8.0,
Console,Built-in helpers,False,,OIT-v6wxp78gk42c,lot-12,STANDARD,CRS-3p9jdkw1nd3g,FLC-48na02d14yce,QST-8z5qhxdbyjf8;QST-h22aea8btw90,3,FULL,Symfony 8.0,
Console,Console events,False,,OIT-cqs3m73y3rpy,lot-12,STANDARD,CRS-y0zc67f3e5zk,FLC-hk7rkbxfq90j,QST-ycpqw0ygx9cd;QST-tmz33c01yx7r,4,FULL,Symfony 8.0,
Console,Verbosity levels,False,,OIT-dv5400dtksfg,lot-12,MINIMAL,CRS-96c85hjezj1r,FLC-sgp3dnzw3et3,QST-c01dkpwkp6qw;QST-fjgxe7fjzc8y,2,FULL,Symfony 8.0,
Automated Tests,Unit tests with PHPUnit,False,,OIT-c6wd3f444qjn,lot-13,STANDARD,CRS-tt9yn0a06ngb,FLC-8p0tpa6x1krf,QST-rsbg20z3fzdk;QST-vfkmqvxkehvn,3,FULL,Symfony 8.0,
Automated Tests,Functional tests with PHPUnit,False,,OIT-favt42nvgdqh,lot-13,STANDARD,CRS-1en96h22twv7,FLC-2g536z94cx54,QST-b4g2ascr897e;QST-9d4z5adb9sez,3,FULL,Symfony 8.0,
Automated Tests,Client object,False,,OIT-bc3brs4a4mtt,lot-13,STANDARD,CRS-k5wg55q2mg0p,FLC-pdapm9phgtmc,QST-qznc9nx72jdq;QST-b27q0jdvhz16,4,FULL,Symfony 8.0,
Automated Tests,Crawler object (CssSelector and DomCrawler components),False,,OIT-se21g2xv6h4r,lot-13,STANDARD,CRS-zg5jg6hqp2mj,FLC-0cvzxn60pazy,QST-k2pbvcnet7mh;QST-7v7dsbmdfdgt,3,FULL,Symfony 8.0,
Automated Tests,Profiler object (WebProfiler bundle),False,,OIT-t0qx5z264tyf,lot-13,MINIMAL,CRS-0x4v9jaz4cnq,FLC-57vzb0a87say,QST-vnr67m55bz2h;QST-dc8hsmx14h1s,2,FULL,Symfony 8.0,
Automated Tests,Framework objects access,False,,OIT-mtbcyaax2xsk,lot-13,STANDARD,CRS-g8v45328cg95,FLC-mkp9h3yfzm3x,QST-tc71xv48p476;QST-qa5pm7hv1d2a,4,FULL,Symfony 8.0,
Automated Tests,Client configuration,False,,OIT-bswvewkkkj1q,lot-13,STANDARD,CRS-4x4ec26c9bfc,FLC-31xxh9cs2ah8,QST-vtbv0rcpscbs;QST-0j3a50p7fbtn,3,FULL,Symfony 8.0,
Automated Tests,Request and response objects introspection,False,,OIT-bzkq4e7wks9a,lot-13,STANDARD,CRS-xkp7v8142jt1,FLC-80h962pnszqx,QST-m9kesqa3bb7j;QST-0y00gjhre739,3,FULL,Symfony 8.0,
Automated Tests,Handling legacy deprecated code,False,,OIT-vj24gwq6r1r4,lot-13,MINIMAL,CRS-fak8bf9014br,FLC-1qhdkw1e4nfy,QST-qspg3f4b1epq;QST-2b9q5n3vadem,2,FULL,Symfony 8.0,
Miscellaneous,Configuration (including DotEnv and ExpressionLanguage components),False,,OIT-tvc5rjv6qvse,lot-14,STANDARD,CRS-b7wpm5anh7c6,FLC-nb0mh2t8j7r9,QST-8h7ynmfznjpe;QST-bftzbt0t3q8y,3,FULL,Symfony 8.0,
Miscellaneous,Error handling,False,,OIT-kv7mbksn7m8v,lot-14,STANDARD,CRS-fppjrr6r23tk,FLC-63tca08n26r1,QST-3bbtms3dk9ca;QST-cs8r5jz7rb07,3,FULL,Symfony 8.0,
Miscellaneous,Code debugging,False,,OIT-xgrbftkj67ds,lot-14,STANDARD,CRS-wf523wdsg2xp,FLC-1f4raf4m8wng,QST-btrt51f6nnnv;QST-1er6x1ts9xk4,3,FULL,Symfony 8.0,
Miscellaneous,Deployment best practices,False,,OIT-6xqn9ybksrbr,lot-15,STANDARD,CRS-d0nvctfthnrp,FLC-k4xbtfdew9m4,QST-y14y2m9jfwmr;QST-xe2p2fcj5ays,3,FULL,Symfony 8.0,
Miscellaneous,"Web Profiler, Web Debug Toolbar and Data collectors",False,,OIT-d1qsxrtv25kk,lot-15,STANDARD,CRS-x8j99kkmpsng,FLC-q9dj4gjhz31d,QST-x86878b8vrmn;QST-ecx7f7257q6m,3,FULL,Symfony 8.0,
Miscellaneous,Internationalization and localization,False,,OIT-3dd7821h069b,lot-16,STANDARD,CRS-v1808qnchx6g,FLC-7ar3ewagp1y0,QST-qtng554v6wp6;QST-p0bkmxc5kxfs,3,FULL,Symfony 8.0,"wording: repo appends the PDF Note to the item label (additive, no loss)"
Miscellaneous,"HTTP Caching (reverse proxies, expiration, validation)",False,,OIT-zezwg9nya501,lot-17,STANDARD,CRS-1k0ce9dvdr99,FLC-tgvah1kzef9y,QST-713sjezq7b99;QST-a9rqdpxw13gm,3,FULL,Symfony 8.0,"wording: repo appends the PDF Note to the item label (additive, no loss)"
Miscellaneous,Cache,True,Components:,OIT-78k7kbfpgfxt,lot-18,STANDARD,CRS-p6yhxmpxrzbs,FLC-5ph49r9vszd1,QST-ch9mc2vedk60;QST-w6g2sgj7apm1,3,FULL,Symfony 8.0,
Miscellaneous,Clock,True,Components:,OIT-qpjnpc56hjj0,lot-19,STANDARD,CRS-6hcrc92xv6vt,FLC-bhhw8akr7mb5,QST-f2th6k9hk377;QST-39ytp7h11m85,3,FULL,Symfony 8.0,
Miscellaneous,EventDispatcher,True,Components:,OIT-s601ppsyb9f7,lot-20,STANDARD,CRS-wbgw87za3w5n,FLC-tz5z2qr23ew3,QST-xa6bq0yg86z5;QST-d95psbyzz9x4,3,FULL,Symfony 8.0,
Miscellaneous,Filesystem,True,Components:,OIT-tjn6kyvyc2h9,lot-21,STANDARD,CRS-h9nryezt8wnb,FLC-e2refpyf7ra0,QST-q1g70cf81t0a;QST-3xhbezx2h2e2,3,FULL,Symfony 8.0,
Miscellaneous,Finder,True,Components:,OIT-a1anzcv85my3,lot-21,STANDARD,CRS-jwhqec35jczn,FLC-zw88x7tcje1m,QST-9vdyrx07zz9j;QST-5a5z84vv3kvc,3,FULL,Symfony 8.0,
Miscellaneous,Event,True,Components:,OIT-8xcczyjyyanz,lot-20,STANDARD,CRS-fhb1cbhnyaxx,FLC-6eg8g2bt06nt,QST-dxvqjgxd3vyq;QST-99x1vnm3rtx4,3,FULL,Symfony 8.0,
Miscellaneous,Mailer,True,Components:,OIT-j4vpn5bh9f27,lot-22,STANDARD,CRS-h304h6ht87kc,FLC-xnqfscd5c1cy,QST-08dprb9gp7c9;QST-x1q4fk8g682j;QST-42tvpnq0tkt2,3,FULL,Symfony 8.0,
Miscellaneous,Mime,True,Components:,OIT-9xdjjsqcbn13,lot-22,STANDARD,CRS-82d40ncj59k9,FLC-x73mesgmmv9b,QST-7fsdtzgc219c;QST-mpsdvd7w472c;QST-4qhtngjnh5k3,3,FULL,Symfony 8.0,
Miscellaneous,Process,True,Components:,OIT-qkcr4bat6dsb,lot-23,STANDARD,CRS-am0qe9xa8vzk,FLC-1ppn91nts4vh,QST-qz4v99xfbh3t;QST-cayjxkrtsp55;QST-x7skxav0fpzg,3,FULL,Symfony 8.0,
Miscellaneous,PropertyAccess,True,Components:,OIT-43pt66xsft9f,lot-24,STANDARD,CRS-5vz7w1ny9shd,FLC-zggyac2jqrp5,QST-rx52h6xb2zvd;QST-rxnqtgnv8gnf;QST-jfzfmtt469xk,3,FULL,Symfony 8.0,
Miscellaneous,Runtime,True,Components:,OIT-r3qcmsehzex1,lot-25,STANDARD,CRS-pm5kj5kh3gt2,FLC-0p88y5fvnr6d,QST-rez80g9m6w88;QST-ymqf2vmf7842;QST-qvrh3419534q,3,FULL,Symfony 8.0,
Miscellaneous,Serializer,True,Components:,OIT-fr58jzaj6jtb,lot-26,STANDARD,CRS-3z96cp2s1dka,FLC-50daktpqmkv9,QST-jyjz9an9yt07;QST-xeygxgdd5586;QST-0a0tb3jj6h5v,3,FULL,Symfony 8.0,
