question_id,explanation_chars,distractors,distractors_with_explanation,distractors_missing,correct_choice_ids,answer_count_consistent,outcomes_linked,course_resolvable,classification
QST-z6te5yeyyzpj,136,3,3,,CHO-baa51j72wjef,yes,1,yes,READY_FOR_NEW_UI
QST-enxn0ad65n0w,151,2,2,,CHO-gb86ayf91w36|CHO-c6akh0wcm13r,yes,1,yes,READY_FOR_NEW_UI
QST-cfhm8d3qscwq,219,3,3,,CHO-9qgeyn3v01ns,yes,1,yes,CODE_BLOCK_REQUIRED
QST-5darxtca2dmf,109,3,3,,CHO-7855p5j581w2,yes,1,yes,CODE_INLINE_PRESENT
QST-3v9qvehmpvj3,169,2,2,,CHO-ckpp0jp9xm7a|CHO-swrhdbhmw4x3,yes,1,yes,CODE_INLINE_PRESENT
QST-g3y2dqj5820q,144,3,3,,CHO-8291q5m8f78j,yes,1,yes,READY_FOR_NEW_UI
QST-7etwbjrngfd0,207,2,2,,CHO-hy1mh0eqhysw|CHO-8ym0ht9fzkxj,yes,1,yes,CODE_INLINE_PRESENT
QST-9be1jmm121k3,145,3,3,,CHO-f84qyarv4a5d,yes,1,yes,CODE_INLINE_PRESENT
QST-rj0n6b7rxh74,167,3,3,,CHO-kb3ve5739w4b,yes,1,yes,CODE_INLINE_PRESENT
QST-trxpf8mvw13a,182,2,2,,CHO-sah6sb6bncet|CHO-39at9r7kvd6z,yes,1,yes,CODE_INLINE_PRESENT
QST-z4f4sxjhrhk1,138,3,3,,CHO-zwydyc9j4j6n,yes,1,yes,READY_FOR_NEW_UI
QST-wd0d31jfm7vq,155,3,3,,CHO-w51h7s9pv1sa,yes,1,yes,CODE_INLINE_PRESENT
QST-kabex2vv2wme,175,2,2,,CHO-nstq8rfjv0yy|CHO-3m4ry5v5rksc,yes,1,yes,CODE_INLINE_PRESENT
QST-e35gsy2e4vr3,149,3,3,,CHO-yw643dwcttfr,yes,1,yes,READY_FOR_NEW_UI
QST-hdx34ew6s8ah,139,3,3,,CHO-wpnw9td31enq,yes,1,yes,CODE_INLINE_PRESENT
QST-fhrga35d77wa,393,3,3,,CHO-85pq0rn2jf5q,yes,1,yes,READY_FOR_NEW_UI
QST-jg9dftsvh67e,79,3,3,,CHO-8pq3h2k2j0np,yes,1,yes,READY_FOR_NEW_UI
QST-gpz2ww98k670,166,2,2,,CHO-x5pdh9438tt8|CHO-9dx8n8bty7q1,yes,1,yes,READY_FOR_NEW_UI
QST-99hmydsyg0qy,113,3,3,,CHO-xf2pn4ya26ws,yes,1,yes,CODE_INLINE_PRESENT
QST-6bn09p657t3v,145,2,2,,CHO-y7rj7ks4kb5d|CHO-ezqc59scv9ky,yes,1,yes,READY_FOR_NEW_UI
QST-tc50z9v9egjv,171,3,3,,CHO-cacq185aangq,yes,1,yes,READY_FOR_NEW_UI
QST-b807cvrtscf6,155,3,3,,CHO-83mrv9pfqw5h,yes,1,yes,CODE_INLINE_PRESENT
QST-jhjytdhnzhew,151,3,3,,CHO-22x7snxkwkts,yes,1,yes,CODE_INLINE_PRESENT
QST-2hamhd680ksn,150,3,3,,CHO-x5rydwd7epsw,yes,1,yes,READY_FOR_NEW_UI
QST-e36h79gzw9gn,230,3,3,,CHO-dswb0bybfx64,yes,1,yes,CODE_INLINE_PRESENT
QST-604t8tj8gx9c,357,3,3,,CHO-8qjqqamd8js1,yes,1,yes,CODE_INLINE_PRESENT
QST-mhsb9ctp310m,323,3,3,,CHO-e7mtmevm9ks0,yes,1,yes,CODE_INLINE_PRESENT
QST-4rr5p2mvc7g5,320,3,3,,CHO-memdc5088x39,yes,1,yes,CODE_INLINE_PRESENT
QST-6t35fhgzx5x2,355,3,3,,CHO-r24mn6s8n09f,yes,1,yes,READY_FOR_NEW_UI
QST-f2m90kz2ya28,385,2,2,,CHO-d4njxpahwcy4|CHO-fhk8c7ntdd7e,yes,1,yes,READY_FOR_NEW_UI
QST-ktj89z3z3d5c,99,3,3,,CHO-1w4eatstphjk,yes,1,yes,READY_FOR_NEW_UI
QST-cxq2pvqpazts,131,3,3,,CHO-34se1p0kj0nt,yes,2,yes,CODE_INLINE_PRESENT
QST-0yt0wew1kzge,173,2,2,,CHO-ymvfw8d22ysj|CHO-6j85mwmb7gpc,yes,1,yes,CODE_INLINE_PRESENT
QST-8twgxeyvsp73,173,3,3,,CHO-fgs0ch1d6fby,yes,1,yes,READY_FOR_NEW_UI
QST-xbkvhs464f4r,207,2,2,,CHO-j6x436jej9k5|CHO-5m4aehqtvv48,yes,1,yes,READY_FOR_NEW_UI
QST-0va8e7fh5szw,127,3,3,,CHO-sd8z7r96jd7m,yes,1,yes,CODE_INLINE_PRESENT
QST-kc7stf86x9jh,112,3,3,,CHO-r4z9x05zskf4,yes,1,yes,READY_FOR_NEW_UI
QST-1jpkm1x11jb8,99,3,3,,CHO-2g8cydpzhm6h,yes,1,yes,READY_FOR_NEW_UI
QST-2gvnfhbwzpaa,217,3,3,,CHO-9qgrr3eb299q,yes,1,yes,CODE_INLINE_PRESENT
QST-r4sq1djrd7pj,107,3,3,,CHO-j2241n44xdys,yes,1,yes,READY_FOR_NEW_UI
QST-g3sw71qz8dnq,149,3,3,,CHO-atxmbfzqb84a,yes,1,yes,CODE_INLINE_PRESENT
QST-hnjpg1kv733t,194,3,3,,CHO-jcnpk1jm9dy2,yes,2,yes,CODE_INLINE_PRESENT
QST-r6wwzwfx7mqc,128,3,3,,CHO-qh4q1wvw4ewn,yes,1,yes,CODE_INLINE_PRESENT
QST-s1btydv64pas,230,3,3,,CHO-mg6wf66g2j38,yes,1,yes,READY_FOR_NEW_UI
QST-6mzvc5xvgyqe,199,3,3,,CHO-d785ctzr1pvf,yes,1,yes,READY_FOR_NEW_UI
QST-z116xknpac5j,176,3,3,,CHO-h54tpz0e05vs,yes,1,yes,CODE_INLINE_PRESENT
QST-yv4xj79w1aax,150,3,3,,CHO-0catts5t4557,yes,1,yes,READY_FOR_NEW_UI
QST-yhpgxnb32k7a,205,3,3,,CHO-veeedv4h504n,yes,1,yes,READY_FOR_NEW_UI
QST-57p6cnh69c68,187,3,3,,CHO-ef29738ssr8n,yes,1,yes,CODE_BLOCK_REQUIRED
QST-kk9459fpx2v0,233,3,3,,CHO-zfm17ywvemz2,yes,2,yes,CODE_INLINE_PRESENT
QST-vzjgas8c9fd1,188,3,3,,CHO-x4rahnpn6y0r,yes,1,yes,CODE_INLINE_PRESENT
QST-m8byv8zcsa8m,255,3,3,,CHO-zgdfcdsqbnjf,yes,1,yes,READY_FOR_NEW_UI
QST-055ctb1t92na,175,3,3,,CHO-qf4pajeqej06,yes,1,yes,READY_FOR_NEW_UI
QST-8wjq9g6r7k3h,209,3,3,,CHO-1mkg3ggsxjhj,yes,1,yes,READY_FOR_NEW_UI
QST-cs5czk986ceh,129,3,3,,CHO-3bsy8qk8qr3a,yes,1,yes,READY_FOR_NEW_UI
QST-811tsrpkggk6,168,3,3,,CHO-h2rtnwe92g4b,yes,1,yes,READY_FOR_NEW_UI
QST-eprt4675bxt3,127,3,3,,CHO-dfxbgnan6z6c,yes,1,yes,READY_FOR_NEW_UI
QST-2phg00bdwb17,145,3,3,,CHO-heteyygcy49v,yes,1,yes,READY_FOR_NEW_UI
QST-wc38szf5asj9,179,3,3,,CHO-0xz9ajytwn31,yes,1,yes,READY_FOR_NEW_UI
QST-2wczm0rxvsj1,165,3,3,,CHO-smya4mrx16yg,yes,1,yes,READY_FOR_NEW_UI
QST-anhjdyw3sw5z,157,3,3,,CHO-ajrfex5pn2fq,yes,1,yes,READY_FOR_NEW_UI
QST-ys2pndyx4es9,188,3,3,,CHO-89w2myntqqjs,yes,1,yes,READY_FOR_NEW_UI
QST-7b5q7zedg43v,115,3,3,,CHO-seqhshfphf4r,yes,1,yes,READY_FOR_NEW_UI
QST-ewzwmzm44g5g,150,3,3,,CHO-78wxa58r74qv,yes,1,yes,READY_FOR_NEW_UI
QST-0rxv1000z941,246,3,3,,CHO-a11aazjw2fh3,yes,1,yes,CODE_INLINE_PRESENT
QST-y51441y0byrz,104,3,3,,CHO-feds6txs1n0m,yes,1,yes,READY_FOR_NEW_UI
QST-chxqtjssb1tr,101,3,3,,CHO-n1xqab9fdaqf,yes,1,yes,CODE_INLINE_PRESENT
QST-7gk1cdmy0rxh,208,3,3,,CHO-ffnsb1vdpwmm,yes,1,yes,READY_FOR_NEW_UI
QST-nz6jxdj32j14,180,3,3,,CHO-xywwhmbhxdp9,yes,1,yes,READY_FOR_NEW_UI
QST-z8vj7aat8jkk,165,3,3,,CHO-xqw4k85as39n,yes,1,yes,READY_FOR_NEW_UI
QST-daw9r7qrsmpc,147,3,3,,CHO-382xne9a0k06,yes,1,yes,READY_FOR_NEW_UI
QST-qyf1tg8cm0w6,143,3,3,,CHO-hsnzpav6a7fe,yes,1,yes,READY_FOR_NEW_UI
QST-afrgkknny4fv,124,3,3,,CHO-m0mbt3tp640r,yes,1,yes,READY_FOR_NEW_UI
QST-bjgx2g2df63b,106,3,3,,CHO-b0gm04jp59w6,yes,1,yes,READY_FOR_NEW_UI
QST-snvr37zq14z9,197,3,3,,CHO-ys3rkg0zb080,yes,1,yes,READY_FOR_NEW_UI
QST-0djgsnp61392,185,3,3,,CHO-5d3pa4cvp3se,yes,1,yes,READY_FOR_NEW_UI
QST-0r834aw9wqn9,80,3,3,,CHO-nh5t6mhty3ae,yes,1,yes,READY_FOR_NEW_UI
QST-8j24mgbaymwp,181,3,3,,CHO-zczsw534ce5q,yes,1,yes,CODE_INLINE_PRESENT
QST-ctmxez1n2cj4,125,3,3,,CHO-4sjvpeb68016,yes,1,yes,READY_FOR_NEW_UI
QST-1v8pn7d8k0m7,157,3,3,,CHO-zd2w6hrjmfh8,yes,1,yes,READY_FOR_NEW_UI
QST-7a895vbfsd6h,208,3,3,,CHO-n5hhqtagnre8,yes,1,yes,CODE_INLINE_PRESENT
QST-h0x1bk6pjv23,248,3,3,,CHO-ydvpq3b1dkef,yes,1,yes,CODE_INLINE_PRESENT
QST-7m1rk86pa9af,180,3,3,,CHO-skpnqznb1fh3,yes,1,yes,READY_FOR_NEW_UI
QST-gaax022fgkjp,161,3,3,,CHO-qxers5pb8nne,yes,1,yes,READY_FOR_NEW_UI
QST-zax1wr1gy24e,164,3,3,,CHO-fc28t5frrya5,yes,1,yes,CODE_INLINE_PRESENT
QST-tex0099enajm,123,3,3,,CHO-q1m0v59hp4ah,yes,1,yes,CODE_INLINE_PRESENT
QST-8sg46ehm1d11,154,3,3,,CHO-j5evxq2ayrfv,yes,1,yes,READY_FOR_NEW_UI
QST-nwpzd6jv9y2w,207,3,3,,CHO-6718ccf1ygm2,yes,1,yes,READY_FOR_NEW_UI
QST-036y8zfn88x2,205,3,3,,CHO-nja791872c7q,yes,1,yes,READY_FOR_NEW_UI
QST-zj6vgwab6xsz,246,3,3,,CHO-cpazzn1k4zax,yes,1,yes,READY_FOR_NEW_UI
QST-j1z51ck1sqns,190,3,3,,CHO-ycaybd73qqv3,yes,1,yes,READY_FOR_NEW_UI
QST-r3qg3jt3efpg,203,3,3,,CHO-pwbz786mxwb0,yes,1,yes,READY_FOR_NEW_UI
QST-152ds6g0w3kn,194,3,3,,CHO-5zfjte8rvx21,yes,1,yes,READY_FOR_NEW_UI
QST-50dc6st2798p,146,3,3,,CHO-3g0efnrr0tzq,yes,1,yes,READY_FOR_NEW_UI
QST-jjyw16qe6rdp,210,3,3,,CHO-xm6ppfz64z5e,yes,1,yes,READY_FOR_NEW_UI
QST-rqn99khrxjbz,295,3,3,,CHO-7s5g7v6cxqzn,yes,1,yes,READY_FOR_NEW_UI
QST-8xa9f65f4yr4,103,3,3,,CHO-n8kn87vb39p2,yes,1,yes,CODE_INLINE_PRESENT
QST-1rm2gsd2rpg3,172,3,3,,CHO-dp7j7dcym7vh,yes,1,yes,READY_FOR_NEW_UI
QST-kd99n7e6g9ka,144,3,3,,CHO-0y38bkq23yfp,yes,1,yes,READY_FOR_NEW_UI
QST-kyp8v8zrb8r3,163,3,3,,CHO-fhj86vc3tm0c,yes,1,yes,CODE_INLINE_PRESENT
QST-dnxpede76ew1,147,3,3,,CHO-bbaq74c4ts1q,yes,1,yes,CODE_INLINE_PRESENT
QST-2vj8n6hfss62,201,3,3,,CHO-vz8evttgdv4f,yes,1,yes,CODE_INLINE_PRESENT
QST-da21bxhgtjcr,141,3,3,,CHO-zfexamxjc8sk,yes,1,yes,CODE_INLINE_PRESENT
QST-ahd7kee2rcdn,186,3,3,,CHO-kfmeffvkzy22,yes,1,yes,CODE_INLINE_PRESENT
QST-qbvmn4ak00xe,137,3,3,,CHO-ndjqd7vagqrb,yes,1,yes,READY_FOR_NEW_UI
QST-f1y8ffw897x7,170,3,3,,CHO-g3saqaa323gf,yes,1,yes,CODE_INLINE_PRESENT
QST-11nk5754rpdh,169,3,3,,CHO-1s228nmk6sra,yes,1,yes,CODE_INLINE_PRESENT
QST-b5rsrffwd1ja,147,3,3,,CHO-v2zsq4ckr2pa,yes,1,yes,READY_FOR_NEW_UI
QST-hw8ee6r7vmgd,148,3,3,,CHO-bjd57sqgfbtk,yes,1,yes,READY_FOR_NEW_UI
QST-rh33zfabnd6v,109,3,3,,CHO-b2ywk2mnafsn,yes,1,yes,CODE_INLINE_PRESENT
QST-w5n16306gg5v,165,3,3,,CHO-67n32h13qftz,yes,1,yes,CODE_INLINE_PRESENT
QST-8gc5zq1h2p98,118,3,3,,CHO-d65ch2ykr1zz,yes,1,yes,CODE_INLINE_PRESENT
QST-jm00zq4z9sez,181,3,3,,CHO-nf940msk34ca,yes,1,yes,READY_FOR_NEW_UI
QST-5kn8tfb5k3s3,117,3,3,,CHO-jqa0387602hc,yes,1,yes,CODE_INLINE_PRESENT
QST-z3r0at4fmp23,163,3,3,,CHO-ske2hnq6cbhv,yes,1,yes,READY_FOR_NEW_UI
QST-cztz9ndc5pc0,147,3,3,,CHO-cq8wsrxx81v8,yes,1,yes,READY_FOR_NEW_UI
QST-myjwe916hpfp,143,3,3,,CHO-zp2fmqwkzb91,yes,1,yes,CODE_INLINE_PRESENT
QST-1kdkyp9r94d1,123,3,3,,CHO-6f8930vyssyn,yes,1,yes,READY_FOR_NEW_UI
QST-df9adrfdyn46,112,3,3,,CHO-t9750w774nzg,yes,1,yes,READY_FOR_NEW_UI
QST-a8y5n999x97w,168,3,3,,CHO-nk84z1bce44m,yes,1,yes,READY_FOR_NEW_UI
QST-wqmsve0rpm50,145,3,3,,CHO-652bh9ns4mx4,yes,1,yes,CODE_INLINE_PRESENT
QST-9rwkjyzgr7hg,154,3,3,,CHO-c5vyz2cbvkmy,yes,1,yes,READY_FOR_NEW_UI
QST-ph5rpxx438xm,149,3,3,,CHO-nabsewwkj5h0,yes,1,yes,READY_FOR_NEW_UI
QST-bm2jqyvpp3hg,164,3,3,,CHO-srg3fjwetybc,yes,1,yes,CODE_INLINE_PRESENT
QST-psq97q7wkts8,187,3,3,,CHO-pbztjb7va92w,yes,1,yes,READY_FOR_NEW_UI
QST-hffdkwmscd0p,188,3,3,,CHO-7w94r99hbnaw,yes,1,yes,CODE_INLINE_PRESENT
QST-gbccz7ynvbd2,210,3,3,,CHO-jwdpfvprsqcd,yes,1,yes,CODE_INLINE_PRESENT
QST-pg8rnbwrhn85,237,3,3,,CHO-zx83pw5eh855,yes,1,yes,CODE_INLINE_PRESENT
QST-mfy3b1tss7jd,245,3,3,,CHO-gvsqxgy4e7q2,yes,1,yes,READY_FOR_NEW_UI
QST-wtsqfj44143s,147,3,3,,CHO-q97jtx97wbh4,yes,1,yes,READY_FOR_NEW_UI
QST-5jrgjrw4vr7c,150,3,3,,CHO-g23bxajatvss,yes,1,yes,CODE_INLINE_PRESENT
QST-9wvy29f35tq4,171,3,3,,CHO-chnprk73nswm,yes,1,yes,READY_FOR_NEW_UI
QST-ygz3yc3dy4qb,199,3,3,,CHO-0eg1115d062s,yes,1,yes,CODE_INLINE_PRESENT
QST-sp3j4nhbk843,129,3,3,,CHO-80q907193f24,yes,1,yes,READY_FOR_NEW_UI
QST-wrd26d867k2d,196,3,3,,CHO-thyzpevae1fa,yes,1,yes,CODE_INLINE_PRESENT
QST-jb83rnewag1f,194,3,3,,CHO-2fwhwsx20mzh,yes,1,yes,READY_FOR_NEW_UI
QST-bv3s8kewdfyw,154,3,3,,CHO-bytnbqszfr7m,yes,1,yes,CODE_INLINE_PRESENT
QST-t9fn2h61s3mc,206,3,3,,CHO-yb6996dnk7m6,yes,1,yes,READY_FOR_NEW_UI
QST-8wnkjscden97,178,3,3,,CHO-tx6t0ps8gm1x,yes,1,yes,READY_FOR_NEW_UI
QST-3scwz8d79erg,189,3,3,,CHO-56rrg7qkzh14,yes,1,yes,READY_FOR_NEW_UI
QST-t8j3vg4s1y9q,229,3,3,,CHO-2e42ht2dv4jz,yes,1,yes,CODE_INLINE_PRESENT
QST-am0fchhs6cs8,214,3,3,,CHO-hdydqxf1mgsa,yes,1,yes,READY_FOR_NEW_UI
QST-sy8yv5y6kfbe,200,3,3,,CHO-q8t7beqh34zz,yes,1,yes,CODE_INLINE_PRESENT
QST-e4m2fqttjv3f,150,3,3,,CHO-c755fe37tmqb,yes,1,yes,READY_FOR_NEW_UI
QST-nzk49a60g2w7,211,3,3,,CHO-3reqz0a1yy50,yes,1,yes,CODE_INLINE_PRESENT
QST-8batm9anrn18,127,3,3,,CHO-aqr0f4fjbssh,yes,1,yes,READY_FOR_NEW_UI
QST-8ga6z9sfbv40,112,3,3,,CHO-f8fc0pqq6an2,yes,1,yes,CODE_INLINE_PRESENT
QST-8k29tz9vy6mt,129,3,3,,CHO-9h2m15ddqq95,yes,1,yes,READY_FOR_NEW_UI
QST-0y1zbrpb67fw,201,3,3,,CHO-yyce1dxsd5xh,yes,1,yes,READY_FOR_NEW_UI
QST-d0mf49sax6yj,155,3,3,,CHO-d8m9h058pmbm,yes,1,yes,READY_FOR_NEW_UI
QST-np471a1fkmv6,191,3,3,,CHO-5rag8phs78cz,yes,1,yes,READY_FOR_NEW_UI
QST-af1e821vzx6r,166,3,3,,CHO-kctbarqh3b03,yes,1,yes,READY_FOR_NEW_UI
QST-m5x0wprr2kvf,194,3,3,,CHO-494zrzqh4wjx,yes,1,yes,READY_FOR_NEW_UI
QST-c8g1bj0n5dqs,156,3,3,,CHO-n8jdrkvbfx5p,yes,2,yes,READY_FOR_NEW_UI
QST-wackwv87118n,201,3,3,,CHO-gh7ryyn9712r,yes,1,yes,READY_FOR_NEW_UI
QST-zre5tj917bfe,225,3,3,,CHO-ahg1vhs4vc4b,yes,1,yes,CODE_INLINE_PRESENT
QST-n9mqsvxnxvsz,127,3,3,,CHO-2tznxzyjt2jz,yes,2,yes,READY_FOR_NEW_UI
QST-xadb43t30n4e,162,3,3,,CHO-5wa02vvfze88,yes,1,yes,READY_FOR_NEW_UI
QST-e5r36kab4gdn,144,3,3,,CHO-4hwrx9wzgyvm,yes,1,yes,READY_FOR_NEW_UI
QST-sx1wkkf00607,199,3,3,,CHO-stqtxbasm0sn,yes,1,yes,CODE_INLINE_PRESENT
QST-2m6tem2jg4d4,175,3,3,,CHO-k5shhjdmexmb,yes,1,yes,READY_FOR_NEW_UI
QST-d3z5234k4p9k,142,3,3,,CHO-9fyxekhra6c3,yes,1,yes,READY_FOR_NEW_UI
QST-y23z26y5gaqn,203,3,3,,CHO-kab23cjxv94h,yes,1,yes,READY_FOR_NEW_UI
QST-y7mf6hamqsq3,214,3,3,,CHO-qd00z3qftyrk,yes,1,yes,CODE_INLINE_PRESENT
QST-mbdfczw6tszk,231,3,3,,CHO-3dxtc3r8f6ew,yes,1,yes,READY_FOR_NEW_UI
QST-kcs2zkkzb0f4,233,3,3,,CHO-1cct2eh7xcsv,yes,1,yes,READY_FOR_NEW_UI
QST-prn2rj6sw6db,218,3,3,,CHO-z7136n54cc67,yes,1,yes,READY_FOR_NEW_UI
QST-fc8c15hve3qe,198,3,3,,CHO-heee11bh0nqa,yes,1,yes,READY_FOR_NEW_UI
QST-0negxbfbe972,189,3,3,,CHO-b1jfk44jqtv9,yes,1,yes,CODE_INLINE_PRESENT
QST-f0k6jqb9twcj,204,3,3,,CHO-cd5y7d8r1mns,yes,1,yes,READY_FOR_NEW_UI
QST-aappj4tqvxxw,195,3,3,,CHO-dd0hmtmv990k,yes,1,yes,READY_FOR_NEW_UI
QST-z6cmycq8x4s9,221,3,3,,CHO-w3qzvqpbjyg4,yes,1,yes,CODE_INLINE_PRESENT
QST-afe4sztywrc5,194,3,3,,CHO-5t6gvhcn5448,yes,1,yes,READY_FOR_NEW_UI
QST-4twpbnv5sa5g,194,3,3,,CHO-66tzf9ac5hf9,yes,1,yes,READY_FOR_NEW_UI
QST-nqeq65rj5m97,144,3,3,,CHO-3b734xahjpmx,yes,1,yes,READY_FOR_NEW_UI
QST-k1qgrrevaw40,110,3,3,,CHO-rf0axyj3kwnt,yes,1,yes,READY_FOR_NEW_UI
QST-2xamk5ahfyyn,396,3,3,,CHO-6e4cyz93wmrf,yes,1,yes,CODE_INLINE_PRESENT
QST-fendqkqnnjqj,87,3,3,,CHO-9sbjj7e7d1vg,yes,1,yes,READY_FOR_NEW_UI
QST-1s9t39gm4yfj,78,3,3,,CHO-1s6hzzd6v8cx,yes,1,yes,CODE_INLINE_PRESENT
QST-mr5y3tea9rgw,147,3,3,,CHO-jvb0grhqpx3d,yes,1,yes,CODE_INLINE_PRESENT
QST-hqqnvh8n266m,139,3,3,,CHO-dsrqsw24v6wb,yes,1,yes,READY_FOR_NEW_UI
QST-f9dbbk5scdxt,106,3,3,,CHO-t80q6p186yg2,yes,1,yes,READY_FOR_NEW_UI
QST-81q6m585fqxs,156,3,3,,CHO-qy7tpps7e005,yes,1,yes,CODE_INLINE_PRESENT
QST-m6pb3s1ek4qg,134,3,3,,CHO-hcm0b1rp67a6,yes,1,yes,READY_FOR_NEW_UI
QST-m49e8kfejtww,124,3,3,,CHO-8a5hqnke2e8r,yes,1,yes,READY_FOR_NEW_UI
QST-kpt3rdmkphrw,151,3,3,,CHO-qy98pg8fhqyd,yes,1,yes,CODE_INLINE_PRESENT
QST-s6snn83ndr2e,112,3,3,,CHO-mx9sv9s6xft2,yes,1,yes,READY_FOR_NEW_UI
QST-ds7wq19b5c0b,208,3,3,,CHO-cd4sg8fbtfr4,yes,1,yes,READY_FOR_NEW_UI
QST-kvtpnyrtd4xj,106,3,3,,CHO-jd1w6dgfnemt,yes,1,yes,CODE_INLINE_PRESENT
QST-ectrc20a3daw,117,3,3,,CHO-ef5tbgq5vb6z,yes,1,yes,READY_FOR_NEW_UI
QST-12bq5dm5yc6s,119,3,3,,CHO-dp8n32475jx7,yes,1,yes,CODE_INLINE_PRESENT
QST-n45xyv1gqstp,123,3,3,,CHO-1r79ddnczmw5,yes,1,yes,READY_FOR_NEW_UI
QST-p2ceq2j1mg16,98,3,3,,CHO-ggrf90spzqst,yes,1,yes,READY_FOR_NEW_UI
QST-s7bzj5nsnw1g,107,3,3,,CHO-eyfxaf8tk2tt,yes,1,yes,CODE_INLINE_PRESENT
QST-nfe9sv3qesa2,135,3,3,,CHO-xejqk6agkyr2,yes,1,yes,READY_FOR_NEW_UI
QST-6vv657ts3r2y,135,3,3,,CHO-eq1a3r0ydzfk,yes,1,yes,READY_FOR_NEW_UI
QST-q8q1ra28925h,159,3,3,,CHO-7hde9fw49vkv,yes,1,yes,READY_FOR_NEW_UI
QST-z1dcqdz8cm6a,130,3,3,,CHO-8g0rrw8h2rg6,yes,1,yes,CODE_INLINE_PRESENT
QST-e8w4fyajxpm5,126,3,3,,CHO-rdqtjbw2g26r,yes,1,yes,READY_FOR_NEW_UI
QST-sgmgf58d4tja,153,3,3,,CHO-9nyhkfkzbb0p,yes,2,yes,CODE_INLINE_PRESENT
QST-px35sagvb53s,138,3,3,,CHO-q1cc3xmzgyj6,yes,1,yes,READY_FOR_NEW_UI
QST-9qdj97kmt1m5,112,3,3,,CHO-fasx4x47d5sk,yes,1,yes,CODE_INLINE_PRESENT
QST-tk7sqrt8mcwa,127,3,3,,CHO-9s2ep1g6n5ze,yes,1,yes,READY_FOR_NEW_UI
QST-4esy1va2d7sm,172,3,3,,CHO-3zg21h7794v4,yes,1,yes,READY_FOR_NEW_UI
QST-tc6x9gaeaawa,164,3,3,,CHO-6kesvnx7smag,yes,1,yes,READY_FOR_NEW_UI
QST-vxqaxft9nswc,159,3,3,,CHO-79sbtjaev9d7,yes,1,yes,CODE_INLINE_PRESENT
QST-437w1twfyb1t,160,3,3,,CHO-kz8hbs9rcbtv,yes,1,yes,READY_FOR_NEW_UI
QST-vkh4y12c3cpt,199,3,3,,CHO-0xegwfvx77y2,yes,1,yes,READY_FOR_NEW_UI
QST-3jktevqe7e4z,161,3,3,,CHO-76sfh1kn5m5r,yes,1,yes,CODE_INLINE_PRESENT
QST-3q73gtbejzs9,141,3,3,,CHO-dsfxx4gzggqm,yes,1,yes,READY_FOR_NEW_UI
QST-xjrz53pys43n,166,3,3,,CHO-2nswwxewvcfe,yes,1,yes,READY_FOR_NEW_UI
QST-x6hct0fk94df,161,3,3,,CHO-mnffmspkr1y2,yes,1,yes,READY_FOR_NEW_UI
QST-wdcqnxyjxmwr,150,3,3,,CHO-cm73255kejn4,yes,1,yes,READY_FOR_NEW_UI
QST-akcaxcyx59em,140,3,3,,CHO-qmxa9qvhqdhj,yes,1,yes,READY_FOR_NEW_UI
QST-p2safjk7jebk,144,3,3,,CHO-rtak34ah9ty5,yes,1,yes,READY_FOR_NEW_UI
QST-sqqd8k2j3whr,127,3,3,,CHO-188vm66a8dma,yes,1,yes,READY_FOR_NEW_UI
QST-rmsv83rmgrz3,138,3,3,,CHO-w8rxtj9s564f,yes,1,yes,CODE_INLINE_PRESENT
QST-jqzvr77chwgm,145,3,3,,CHO-3ed3fpf3hsbe,yes,1,yes,READY_FOR_NEW_UI
QST-m2nq5zddhjgz,115,3,3,,CHO-dy0re2zrmkmw,yes,1,yes,READY_FOR_NEW_UI
QST-we3a51yqq13x,166,3,3,,CHO-7a9ztg0k548e,yes,1,yes,READY_FOR_NEW_UI
QST-rxg3j4z5164e,184,3,3,,CHO-ynrdspwp60cq,yes,1,yes,READY_FOR_NEW_UI
QST-4c6a5d9cnbwq,224,3,3,,CHO-qr78smnbhnn0,yes,1,yes,READY_FOR_NEW_UI
QST-a4xhs81g86kj,123,3,3,,CHO-4yev3wcgwj1w,yes,1,yes,READY_FOR_NEW_UI
QST-174t76nj5hh1,152,3,3,,CHO-39gt658m5152,yes,1,yes,READY_FOR_NEW_UI
QST-b4y5mz01a7na,145,3,3,,CHO-8hq9frcy3cv5,yes,1,yes,CODE_INLINE_PRESENT
QST-6ygjf6k55wpk,92,3,3,,CHO-vvjsajdm2n3v,yes,1,yes,READY_FOR_NEW_UI
QST-zkgdt4kc1h0g,113,3,3,,CHO-r2hvq4qh7f0y,yes,1,yes,READY_FOR_NEW_UI
QST-fy9ptsw9q7d7,202,3,3,,CHO-8a30mhyegx51,yes,1,yes,CODE_INLINE_PRESENT
QST-hhxx71xmb9jk,138,3,3,,CHO-dactwdcpscmj,yes,1,yes,READY_FOR_NEW_UI
QST-yyzehfrg9w4n,124,3,3,,CHO-jmkhd9d3zsj0,yes,1,yes,READY_FOR_NEW_UI
QST-nnj43wzztp2y,133,3,3,,CHO-y2g90hk612qj,yes,1,yes,READY_FOR_NEW_UI
QST-4915capts8mb,94,3,3,,CHO-w7dhwt1ppvcm,yes,1,yes,READY_FOR_NEW_UI
QST-6tbd9rk49r20,109,3,3,,CHO-tdmdn5zcg459,yes,1,yes,READY_FOR_NEW_UI
QST-psfqmcny5kpw,122,3,3,,CHO-646xp5rcq6bg,yes,1,yes,READY_FOR_NEW_UI
QST-z6w320n9hz0m,124,3,3,,CHO-6fytpwg3r604,yes,1,yes,READY_FOR_NEW_UI
QST-8xa0cc55zffm,131,3,3,,CHO-mbfn3je8qy2h,yes,1,yes,READY_FOR_NEW_UI
QST-h3r0j23kcfbe,156,3,3,,CHO-bqj5c52rszkm,yes,2,yes,CODE_INLINE_PRESENT
QST-5vpn3hptj28b,127,3,3,,CHO-gxy9k6edta4q,yes,1,yes,READY_FOR_NEW_UI
QST-kr1xezgf2gp6,103,3,3,,CHO-wz3r355xh2t5,yes,1,yes,READY_FOR_NEW_UI
QST-1hb2524n0hsk,74,3,3,,CHO-d721krq1ae6f,yes,1,yes,READY_FOR_NEW_UI
QST-bj8py053ynmp,129,3,3,,CHO-9y4q1bpr5b9a,yes,1,yes,READY_FOR_NEW_UI
QST-xa0hazmsb5mc,120,3,3,,CHO-d103kge3pt4k,yes,1,yes,READY_FOR_NEW_UI
QST-ra9z9d42ddqa,109,3,3,,CHO-dcv1ymxwp3mz,yes,1,yes,READY_FOR_NEW_UI
QST-tv47j0hjexr0,140,3,3,,CHO-zxb3hxa7wy3k,yes,1,yes,READY_FOR_NEW_UI
QST-5x6x0fgxqk43,154,3,3,,CHO-e2qa66kescrj,yes,2,yes,READY_FOR_NEW_UI
QST-mc97gbqdk57v,127,3,3,,CHO-5d40bsag61h1,yes,1,yes,CODE_INLINE_PRESENT
QST-vp34fa6btm3y,101,3,3,,CHO-2bhas71mkgca,yes,1,yes,READY_FOR_NEW_UI
QST-7ef7528zsm5p,118,3,3,,CHO-gtaz243grf1d,yes,1,yes,READY_FOR_NEW_UI
QST-0gsam1vp228d,106,3,3,,CHO-yjztnrmyt9cr,yes,1,yes,READY_FOR_NEW_UI
QST-ct51dexfx1vd,188,3,3,,CHO-tmg19a22187q,yes,1,yes,READY_FOR_NEW_UI
QST-a50hsn4hz0ac,139,3,3,,CHO-pecbq3jrh576,yes,1,yes,READY_FOR_NEW_UI
QST-t8erjc9b609g,147,3,3,,CHO-a962rqvzm3fn,yes,1,yes,READY_FOR_NEW_UI
QST-ypbv08h18qzf,116,3,3,,CHO-r9h7qzdjpg63,yes,1,yes,CODE_INLINE_PRESENT
QST-zmw8se19hm38,262,3,3,,CHO-av7g04twxvcj,yes,1,yes,READY_FOR_NEW_UI
QST-1h2rez4vq4r2,162,3,3,,CHO-2c1sk30y96ae,yes,1,yes,READY_FOR_NEW_UI
QST-c3kjx34a31md,164,3,3,,CHO-0zh9nvqkacq3,yes,1,yes,READY_FOR_NEW_UI
QST-04kqsfdb0gr0,121,3,3,,CHO-e3cbajkef7g1,yes,1,yes,READY_FOR_NEW_UI
QST-rvne7kjg6j5v,144,3,3,,CHO-s1tvar6zcpy3,yes,1,yes,READY_FOR_NEW_UI
QST-9wnradgcgyvz,127,3,3,,CHO-zbf3nwgr0z26,yes,1,yes,READY_FOR_NEW_UI
QST-w6bjkbw00rmt,132,3,3,,CHO-t04v35wf9vhs,yes,1,yes,READY_FOR_NEW_UI
QST-5ynp5c9e17qw,159,3,3,,CHO-de12b4mwdq6y,yes,1,yes,READY_FOR_NEW_UI
QST-7e29spfp304x,171,3,3,,CHO-yme6w9w95bg2,yes,1,yes,READY_FOR_NEW_UI
QST-882rztd8f5fc,148,3,3,,CHO-ca45bc5760jy,yes,1,yes,READY_FOR_NEW_UI
QST-s02tz29zxp2g,246,3,3,,CHO-8rqb8zj8jak4,yes,1,yes,READY_FOR_NEW_UI
QST-rcbeqstzndek,203,3,3,,CHO-hfqeykygsjpv,yes,1,yes,READY_FOR_NEW_UI
QST-bn1rbrz3c7pr,144,3,3,,CHO-7grbtgryamqe,yes,1,yes,READY_FOR_NEW_UI
QST-ffbr017rjbwd,246,3,3,,CHO-a1gz86vnr465,yes,1,yes,READY_FOR_NEW_UI
QST-gbb1dez9gmt4,193,3,3,,CHO-rfsp98bba21r,yes,1,yes,READY_FOR_NEW_UI
QST-g1dczt41g8d2,131,3,3,,CHO-pa1x3kwzz0sy,yes,1,yes,READY_FOR_NEW_UI
QST-mfsa4gjwmnxf,146,3,3,,CHO-cb7pe9qh5hgx,yes,1,yes,READY_FOR_NEW_UI
QST-ga6bhvbf0ecp,140,3,3,,CHO-t70jx1p5jkm0,yes,1,yes,CODE_INLINE_PRESENT
QST-m5f3k7za0tpt,148,3,3,,CHO-rdzvzpe99274,yes,1,yes,CODE_INLINE_PRESENT
QST-g22z7fmy0cg3,153,3,3,,CHO-bbhtnce91gx1,yes,1,yes,CODE_INLINE_PRESENT
QST-6snh12yz2gz2,183,3,3,,CHO-6sgxn9sbky3y,yes,1,yes,READY_FOR_NEW_UI
QST-9zsx244xw271,130,3,3,,CHO-5keq9z9xbna8,yes,1,yes,READY_FOR_NEW_UI
QST-fh0eh8ct9m8r,142,3,3,,CHO-vjph29d2jntc,yes,1,yes,READY_FOR_NEW_UI
QST-5ryp5r5qg631,130,3,3,,CHO-vd8e9cx7z5n4,yes,1,yes,CODE_INLINE_PRESENT
QST-6sxdmsbatps8,99,3,3,,CHO-9dbzepz18q1t,yes,1,yes,READY_FOR_NEW_UI
QST-1c6zphv3dzgc,129,3,3,,CHO-2y41w0ypta8j,yes,1,yes,CODE_INLINE_PRESENT
QST-znrf5tj46jjt,149,3,3,,CHO-adcem9c8jnp4,yes,1,yes,READY_FOR_NEW_UI
QST-467dyvf9ht74,154,3,3,,CHO-vtv9msf0sjj3,yes,1,yes,CODE_INLINE_PRESENT
QST-h9d44gg643q8,133,3,3,,CHO-tvzfgxcfeh0p,yes,1,yes,CODE_INLINE_PRESENT
QST-0hcwz5ma0vpr,132,3,3,,CHO-89s2wce67f3j,yes,1,yes,READY_FOR_NEW_UI
QST-mhm4eqjg10s2,209,3,3,,CHO-ksfp8e1yy56s,yes,1,yes,CODE_INLINE_PRESENT
QST-569d837g7cjg,159,3,3,,CHO-dhxm4bg7tdms,yes,1,yes,READY_FOR_NEW_UI
QST-egqjqhe0s1vv,144,3,3,,CHO-6asfehxeqs85,yes,1,yes,CODE_INLINE_PRESENT
QST-r3bv4np3ttcs,144,3,3,,CHO-y2gcznthrse4,yes,1,yes,CODE_INLINE_PRESENT
QST-aahvpedaf1ne,211,3,3,,CHO-kc3nf5kmqvaq,yes,1,yes,READY_FOR_NEW_UI
QST-56renepg88tq,233,3,3,,CHO-2xp9x69vtvaw,yes,1,yes,READY_FOR_NEW_UI
QST-8zqhmc0hwvhj,202,3,3,,CHO-zegxr6e88rgj,yes,1,yes,READY_FOR_NEW_UI
QST-m2hsqcvcwrej,215,3,3,,CHO-6pja0yaart6h,yes,1,yes,READY_FOR_NEW_UI
QST-bkff08xmt369,165,3,3,,CHO-bttfzfvx0mh2,yes,1,yes,READY_FOR_NEW_UI
QST-ttahda62q0me,130,3,3,,CHO-430hxe7t0nn2,yes,1,yes,CODE_INLINE_PRESENT
QST-b9cxe8hzrxnz,159,3,3,,CHO-cvcqsq7k3ft2,yes,1,yes,CODE_INLINE_PRESENT
QST-8cz03w4xazh4,155,3,3,,CHO-gsmyvxvk3wbn,yes,1,yes,READY_FOR_NEW_UI
QST-0mgw5r64r7pf,127,3,3,,CHO-zn03te6k66wp,yes,1,yes,READY_FOR_NEW_UI
QST-8ejeqdapg6aq,141,3,3,,CHO-jqvn5bfkp375,yes,1,yes,READY_FOR_NEW_UI
QST-p6eftemqgsfx,147,3,3,,CHO-av5qaeg5by1s,yes,1,yes,READY_FOR_NEW_UI
QST-cb9sywaj1nde,141,3,3,,CHO-k4zzxcxjctcn,yes,1,yes,READY_FOR_NEW_UI
QST-gfqb0xrb7tbx,179,3,3,,CHO-5v9b2vtbjgxj,yes,2,yes,READY_FOR_NEW_UI
QST-q2p4t3hjc5x0,150,3,3,,CHO-0qjfbzw9f9kx,yes,1,yes,READY_FOR_NEW_UI
QST-3zf09tnf1rkj,133,3,3,,CHO-rn44byemk4g6,yes,1,yes,CODE_INLINE_PRESENT
QST-zbx19jnjr7gz,180,3,3,,CHO-033nkbta5egz,yes,1,yes,READY_FOR_NEW_UI
QST-t4bgmrx3q0cg,151,3,3,,CHO-k7zwt0cr7rgm,yes,1,yes,READY_FOR_NEW_UI
QST-wdn59cym1fv8,150,3,3,,CHO-mfs8c6afnn40,yes,1,yes,CODE_INLINE_PRESENT
QST-2q21a2srg5hr,139,3,3,,CHO-h34p8jn01wrz,yes,1,yes,READY_FOR_NEW_UI
QST-qzgxkh2b2pa5,155,3,3,,CHO-brrmtcj8s2zc,yes,1,yes,READY_FOR_NEW_UI
QST-xw4d2n9a8hz5,158,3,3,,CHO-4jbrpgyn1z4x,yes,1,yes,CODE_INLINE_PRESENT
QST-1ss1gkatj0te,138,3,3,,CHO-xqvpzdf0e086,yes,1,yes,READY_FOR_NEW_UI
QST-7ns2ad8j7z7a,130,3,3,,CHO-ranfc47rc8vk,yes,1,yes,READY_FOR_NEW_UI
QST-4nq445j72q7w,150,3,3,,CHO-exgmyp5t9sh4,yes,1,yes,READY_FOR_NEW_UI
QST-q1jqvtzhr8ga,142,3,3,,CHO-gm00ph8j1b9j,yes,1,yes,READY_FOR_NEW_UI
QST-mg33edgvxqrc,165,3,3,,CHO-36f018a0783y,yes,2,yes,READY_FOR_NEW_UI
QST-egkw6pqr1hvq,142,3,3,,CHO-t690fg4v8kq1,yes,1,yes,CODE_INLINE_PRESENT
QST-gscp8fh16xed,149,3,3,,CHO-5pcr8wwr4shd,yes,1,yes,CODE_INLINE_PRESENT
QST-gkhpzxneegbr,153,3,3,,CHO-3wj53c0jkqrp,yes,2,yes,READY_FOR_NEW_UI
QST-qh1cbg5wp55k,145,3,3,,CHO-5sv5vr6t7r8b,yes,1,yes,CODE_INLINE_PRESENT
QST-k31qdkpdy92e,188,3,3,,CHO-1vkfnyscdvmb,yes,1,yes,READY_FOR_NEW_UI
QST-1zvtze0w6a5p,214,3,3,,CHO-74g43hssxqex,yes,1,yes,CODE_INLINE_PRESENT
QST-c12z17ez0ss5,206,3,3,,CHO-4t1csy60jaw6,yes,1,yes,CODE_INLINE_PRESENT
QST-r73ye7dqg80n,206,3,3,,CHO-xpqm4eykqd6p,yes,1,yes,READY_FOR_NEW_UI
QST-smjza039q4hw,203,3,3,,CHO-whr3dvdh9e8z,yes,1,yes,CODE_INLINE_PRESENT
QST-a1avrk2v0k2t,205,3,3,,CHO-t6za5e20e41p,yes,1,yes,CODE_INLINE_PRESENT
QST-996gnybse1ve,215,3,3,,CHO-7qvm75feyjb7,yes,1,yes,READY_FOR_NEW_UI
QST-mkmarkb3w738,207,3,3,,CHO-cymrhxzvd698,yes,1,yes,READY_FOR_NEW_UI
QST-3wrz6qafpv3y,246,3,3,,CHO-vhyewmkkjzf4,yes,1,yes,READY_FOR_NEW_UI
QST-dbs1pm3v1np1,201,3,3,,CHO-m9985n7mc4pp,yes,1,yes,CODE_INLINE_PRESENT
QST-xe6gkw0420ba,142,3,3,,CHO-3rwteany8g44,yes,2,yes,READY_FOR_NEW_UI
QST-wfkk6ayjt3qb,143,3,3,,CHO-zcqqg7cn2w3z,yes,1,yes,READY_FOR_NEW_UI
QST-472n92c01v8z,132,3,3,,CHO-ysbhw57mwenc,yes,1,yes,CODE_INLINE_PRESENT
QST-eazddxd7m5ht,103,3,3,,CHO-28nv916928jp,yes,1,yes,READY_FOR_NEW_UI
QST-71pfa2rprjj4,162,3,3,,CHO-ye5ecte7202a,yes,1,yes,READY_FOR_NEW_UI
QST-ty80h8rawm9h,138,3,3,,CHO-6bzkrea71n8d,yes,1,yes,READY_FOR_NEW_UI
QST-xpq3ys8psrac,124,3,3,,CHO-c2rgeva7thed,yes,1,yes,READY_FOR_NEW_UI
QST-2eztey3aja7g,121,3,3,,CHO-qxt2kcbh8h7m,yes,1,yes,READY_FOR_NEW_UI
QST-f49jfgm58qr0,108,3,3,,CHO-cphc1k9tbg4y,yes,1,yes,READY_FOR_NEW_UI
QST-b10yfhxnfhh6,116,3,3,,CHO-64z5bf9zk7yb,yes,1,yes,READY_FOR_NEW_UI
QST-qyh60jqm5etd,113,3,3,,CHO-a4k5j6s0wcx6,yes,1,yes,READY_FOR_NEW_UI
QST-rpz1syn7rpsv,123,3,3,,CHO-89wndpk6zn3b,yes,1,yes,READY_FOR_NEW_UI
QST-62t90ghtbqzj,117,3,3,,CHO-t9acdqgcmrmt,yes,1,yes,READY_FOR_NEW_UI
QST-fy4096tmhna5,126,3,3,,CHO-zdgyczhw9e46,yes,1,yes,READY_FOR_NEW_UI
QST-cqx6wvrkts6w,147,3,3,,CHO-r15mrhhnjbhc,yes,1,yes,READY_FOR_NEW_UI
QST-k73jk5cstrtv,94,3,3,,CHO-qasdts6an4zm,yes,1,yes,READY_FOR_NEW_UI
QST-n2z3zbszfmvt,111,3,3,,CHO-zrtertf9thm4,yes,1,yes,READY_FOR_NEW_UI
QST-1cerp5ba1czy,109,3,3,,CHO-2ptzs0fhh8kd,yes,1,yes,READY_FOR_NEW_UI
QST-np172gaybtec,106,3,3,,CHO-hfmn2vh5kydv,yes,2,yes,READY_FOR_NEW_UI
QST-8grwagdms0k7,125,3,3,,CHO-drp0r2sp6v6k,yes,1,yes,READY_FOR_NEW_UI
QST-bff9s30tjw46,118,3,3,,CHO-j90r0ar4ryhz,yes,1,yes,READY_FOR_NEW_UI
QST-qmjm8vzvrzh9,91,3,3,,CHO-nn9m7z11q0xz,yes,1,yes,READY_FOR_NEW_UI
QST-c8gpyvw5shmy,112,3,3,,CHO-zedk6kxvfa7k,yes,1,yes,READY_FOR_NEW_UI
QST-380hndjwn2t0,238,3,3,,CHO-3cqy34gp1cky,yes,1,yes,READY_FOR_NEW_UI
QST-0xvabx1zmvhh,214,3,3,,CHO-9zyd4d26r34k,yes,1,yes,READY_FOR_NEW_UI
QST-f5z345sfdga7,238,3,3,,CHO-jvk8mpk8axjr,yes,1,yes,READY_FOR_NEW_UI
QST-tmpjmx8yr7j0,209,3,3,,CHO-gzzgaraekfxd,yes,1,yes,READY_FOR_NEW_UI
QST-sftrxannmn21,262,3,3,,CHO-6w2222n42cmx,yes,1,yes,READY_FOR_NEW_UI
QST-jwxp5dskf6ed,204,3,3,,CHO-69s58y3fx7b6,yes,1,yes,READY_FOR_NEW_UI
QST-d1c0few45tt7,234,3,3,,CHO-3d20pdybcpaj,yes,1,yes,READY_FOR_NEW_UI
QST-4zb71et3q70n,228,3,3,,CHO-b303kvr6ghxt,yes,1,yes,READY_FOR_NEW_UI
QST-pxen3npvfhq2,184,3,3,,CHO-0eck5tmq5p87,yes,1,yes,READY_FOR_NEW_UI
QST-7v4wmrtpv7wa,199,3,3,,CHO-dh063mamzkmt,yes,1,yes,READY_FOR_NEW_UI
QST-5exn2rx427qm,204,3,3,,CHO-1jb36s9gjbg7,yes,1,yes,READY_FOR_NEW_UI
QST-4s59dzkg2rff,153,3,3,,CHO-tqv6yb4m53ry,yes,1,yes,READY_FOR_NEW_UI
QST-2vt07hzxfmvq,144,3,3,,CHO-85e6fta2mdkv,yes,1,yes,READY_FOR_NEW_UI
QST-tvzx2c0cqeh8,142,3,3,,CHO-6sktbz7xf72v,yes,1,yes,READY_FOR_NEW_UI
QST-7ay2hp5jexwb,124,3,3,,CHO-6ppxega69zjd,yes,1,yes,READY_FOR_NEW_UI
QST-mzsqzvya53dc,139,3,3,,CHO-nwd0mx9cwrsh,yes,1,yes,READY_FOR_NEW_UI
QST-sra8bgw85a7j,134,3,3,,CHO-96nt20x7exf4,yes,1,yes,READY_FOR_NEW_UI
QST-c0qzhz7ded47,164,3,3,,CHO-gthszgs7m8p0,yes,1,yes,READY_FOR_NEW_UI
QST-66bdw5shb7py,131,3,3,,CHO-h9cazs2vbrs6,yes,1,yes,READY_FOR_NEW_UI
QST-0v3j82n0d4m7,114,3,3,,CHO-dn7tmtjvcwwz,yes,1,yes,READY_FOR_NEW_UI
QST-9c3nh6jtp3px,189,3,3,,CHO-frgnvk5h9egm,yes,1,yes,READY_FOR_NEW_UI
QST-8vfdesj0zh4w,137,3,3,,CHO-1sxtygmt1qjn,yes,1,yes,READY_FOR_NEW_UI
QST-863psghen6px,143,3,3,,CHO-m6nx3x8gngf7,yes,1,yes,CODE_INLINE_PRESENT
QST-rpw04mwksvg4,131,3,3,,CHO-nmy9gf7mkyj4,yes,1,yes,READY_FOR_NEW_UI
QST-kwdxjwjwg4j4,119,3,3,,CHO-yfq1v2f1wtrd,yes,1,yes,READY_FOR_NEW_UI
QST-1wqesyz1sknh,117,3,3,,CHO-0vrzf9k3ge03,yes,1,yes,READY_FOR_NEW_UI
QST-bp6mp496mm7m,200,3,3,,CHO-qn9cn5ysdaba,yes,1,yes,READY_FOR_NEW_UI
QST-v4wkcq3cmm37,184,3,3,,CHO-156kzmaes141,yes,1,yes,READY_FOR_NEW_UI
QST-45tm3rfbkjyw,275,3,3,,CHO-1c1wcykbc0ft,yes,1,yes,READY_FOR_NEW_UI
QST-qh4r169hgx7y,331,3,3,,CHO-5hdvyx0ed38m,yes,1,yes,READY_FOR_NEW_UI
QST-rdbfzznze605,257,3,3,,CHO-sszpyhr359gb,yes,1,yes,READY_FOR_NEW_UI
QST-b27yd0msa8yq,208,3,3,,CHO-jwgqdnk96171,yes,1,yes,READY_FOR_NEW_UI
QST-sx23khxjhrrg,184,3,3,,CHO-dymshccssgrf,yes,1,yes,READY_FOR_NEW_UI
QST-pxhjqmq3j5yk,207,3,3,,CHO-jkxs11s0z58m,yes,1,yes,READY_FOR_NEW_UI
QST-s9dqp9mfqfrx,89,3,3,,CHO-mxw65mdqqpz5,yes,1,yes,CODE_INLINE_PRESENT
QST-zh43s7yzg7nr,106,3,3,,CHO-wbwt1hqy4ff4,yes,1,yes,READY_FOR_NEW_UI
QST-snpbvmx5e280,86,3,3,,CHO-vnf8vz8tzrk1,yes,1,yes,READY_FOR_NEW_UI
QST-wgvc9x0rjh0r,102,3,3,,CHO-ba8btbc1rfb5,yes,1,yes,READY_FOR_NEW_UI
QST-gbzpgycr1r6g,91,3,3,,CHO-er18n0dz81wx,yes,1,yes,CODE_INLINE_PRESENT
QST-tvce4echjywq,109,3,3,,CHO-08cvad7x1raa,yes,1,yes,CODE_INLINE_PRESENT
QST-bw6j8k17fx9c,90,3,3,,CHO-ft06hd1va5r7,yes,1,yes,CODE_INLINE_PRESENT
QST-y48awnf4nfnx,138,3,3,,CHO-kg8qg70p7b7r,yes,1,yes,CODE_INLINE_PRESENT
QST-svybdxxreygm,112,3,3,,CHO-7kzjt8r347fb,yes,1,yes,CODE_INLINE_PRESENT
QST-agnyym2anznf,65,3,3,,CHO-8wbjwntrjcnv,yes,1,yes,CODE_INLINE_PRESENT
QST-tp80nqtxvarw,101,3,3,,CHO-63kp1v2dby69,yes,1,yes,CODE_INLINE_PRESENT
QST-5wrcd9ahhth2,116,3,3,,CHO-6n2gtgw8gvcb,yes,1,yes,READY_FOR_NEW_UI
QST-8z5qhxdbyjf8,107,3,3,,CHO-f35e0k3n9c60,yes,1,yes,READY_FOR_NEW_UI
QST-h22aea8btw90,87,3,3,,CHO-722jgve23c2z,yes,1,yes,READY_FOR_NEW_UI
QST-ycpqw0ygx9cd,42,3,3,,CHO-69fn17r8h4fm,yes,1,yes,READY_FOR_NEW_UI
QST-tmz33c01yx7r,98,3,3,,CHO-6ns9b3edk2yv,yes,1,yes,READY_FOR_NEW_UI
QST-c01dkpwkp6qw,102,3,3,,CHO-0mmx8ah74ckp,yes,1,yes,READY_FOR_NEW_UI
QST-fjgxe7fjzc8y,154,3,3,,CHO-n92bvj23dpth,yes,1,yes,READY_FOR_NEW_UI
QST-kk4evk9seycg,163,3,3,,CHO-y8dmhxfdq2yb,yes,1,yes,CODE_INLINE_PRESENT
QST-nd25jj6mfmtj,197,3,3,,CHO-3v3fcyt04ygq,yes,1,yes,READY_FOR_NEW_UI
QST-mra5j6bq70sr,185,3,3,,CHO-e62yp72pd7q2,yes,1,yes,READY_FOR_NEW_UI
QST-wt0f9p2tmmnm,194,3,3,,CHO-5x6wvdmnca0y,yes,1,yes,READY_FOR_NEW_UI
QST-m7ywj8fyrd5z,174,3,3,,CHO-wzk6s5fqvv43,yes,1,yes,READY_FOR_NEW_UI
QST-32gxwn2q6pkf,190,3,3,,CHO-pxge4zkebmsf,yes,1,yes,READY_FOR_NEW_UI
QST-z4mtkneppy34,167,3,3,,CHO-6jtp11p0jkhf,yes,1,yes,READY_FOR_NEW_UI
QST-pb7yzzbda7w0,223,3,3,,CHO-vvk4kw7xnnme,yes,1,yes,READY_FOR_NEW_UI
QST-66qde236gsjb,205,3,3,,CHO-jwvfzt94fkrq,yes,1,yes,READY_FOR_NEW_UI
QST-rsbg20z3fzdk,127,3,3,,CHO-0hqnhe036vzz,yes,1,yes,READY_FOR_NEW_UI
QST-vfkmqvxkehvn,70,3,3,,CHO-318tpz5ysjyz,yes,1,yes,READY_FOR_NEW_UI
QST-b4g2ascr897e,95,3,3,,CHO-yb1t444w39fz,yes,1,yes,READY_FOR_NEW_UI
QST-9d4z5adb9sez,141,3,3,,CHO-drvc6khm4e6k,yes,1,yes,READY_FOR_NEW_UI
QST-qznc9nx72jdq,91,3,3,,CHO-d5hhmws2ahhf,yes,1,yes,CODE_INLINE_PRESENT
QST-b27q0jdvhz16,145,3,3,,CHO-1c05gmhwgqg1,yes,1,yes,READY_FOR_NEW_UI
QST-k2pbvcnet7mh,101,3,3,,CHO-7g5n0axdzpbr,yes,1,yes,READY_FOR_NEW_UI
QST-7v7dsbmdfdgt,100,3,3,,CHO-k9kyasq2eshq,yes,1,yes,CODE_INLINE_PRESENT
QST-vnr67m55bz2h,106,3,3,,CHO-cm88snh5yp3z,yes,1,yes,READY_FOR_NEW_UI
QST-dc8hsmx14h1s,93,3,3,,CHO-spybe1jrz0zx,yes,1,yes,READY_FOR_NEW_UI
QST-tc71xv48p476,172,3,3,,CHO-r21m7q2544ea,yes,1,yes,READY_FOR_NEW_UI
QST-qa5pm7hv1d2a,102,3,3,,CHO-kva33wcx8zqn,yes,1,yes,READY_FOR_NEW_UI
QST-vtbv0rcpscbs,86,3,3,,CHO-bbm22cx01xej,yes,1,yes,READY_FOR_NEW_UI
QST-0j3a50p7fbtn,86,3,3,,CHO-4ea6xtxt5cbb,yes,1,yes,READY_FOR_NEW_UI
QST-m9kesqa3bb7j,88,3,3,,CHO-bkw9fsds03jd,yes,1,yes,READY_FOR_NEW_UI
QST-0y00gjhre739,90,3,3,,CHO-kz9gknfj1ymb,yes,1,yes,READY_FOR_NEW_UI
QST-qspg3f4b1epq,108,3,3,,CHO-wt2dca8hqd3w,yes,1,yes,READY_FOR_NEW_UI
QST-2b9q5n3vadem,159,3,3,,CHO-hfzxjv32j9x9,yes,1,yes,READY_FOR_NEW_UI
QST-3ayfnb7ae5bq,202,3,3,,CHO-rk8drh1hgggf,yes,1,yes,READY_FOR_NEW_UI
QST-7q4ebzsrj45x,236,3,3,,CHO-j00248011c0h,yes,1,yes,READY_FOR_NEW_UI
QST-8h7ynmfznjpe,99,3,3,,CHO-tjy7zvqjw83m,yes,1,yes,READY_FOR_NEW_UI
QST-bftzbt0t3q8y,91,3,3,,CHO-qpr57ycem8m1,yes,1,yes,READY_FOR_NEW_UI
QST-3bbtms3dk9ca,126,3,3,,CHO-ksyjv1htjx66,yes,1,yes,READY_FOR_NEW_UI
QST-cs8r5jz7rb07,101,3,3,,CHO-xtt4mgw9aag8,yes,1,yes,READY_FOR_NEW_UI
QST-btrt51f6nnnv,97,3,3,,CHO-9qcygg5xc6ba,yes,1,yes,READY_FOR_NEW_UI
QST-1er6x1ts9xk4,108,3,3,,CHO-6pwndq8fcaew,yes,1,yes,READY_FOR_NEW_UI
QST-2qp5mxyfj5n7,235,3,3,,CHO-kfh7v0khb9y5,yes,1,yes,READY_FOR_NEW_UI
QST-y14y2m9jfwmr,116,3,3,,CHO-gex5yyar7zjt,yes,1,yes,READY_FOR_NEW_UI
QST-xe2p2fcj5ays,120,3,3,,CHO-t0czznen5fkz,yes,1,yes,READY_FOR_NEW_UI
QST-x86878b8vrmn,79,3,3,,CHO-yaz5jkzz5s76,yes,1,yes,READY_FOR_NEW_UI
QST-ecx7f7257q6m,155,3,3,,CHO-4pnssyc5herm,yes,1,yes,CODE_INLINE_PRESENT
QST-t22gymwk3fge,250,3,3,,CHO-4v2xa04vg4b6,yes,1,yes,READY_FOR_NEW_UI
QST-81zjtxgm9m2d,239,3,3,,CHO-1t9jbyqwdmwm,yes,1,yes,READY_FOR_NEW_UI
QST-qtng554v6wp6,104,3,3,,CHO-pefxsvhehw9w,yes,1,yes,READY_FOR_NEW_UI
QST-p0bkmxc5kxfs,135,3,3,,CHO-fd14677rv6j7,yes,1,yes,READY_FOR_NEW_UI
QST-713sjezq7b99,181,3,3,,CHO-77s628jp48qe,yes,1,yes,READY_FOR_NEW_UI
QST-a9rqdpxw13gm,125,3,3,,CHO-3gbgvt9r6bgt,yes,1,yes,READY_FOR_NEW_UI
QST-ch9mc2vedk60,79,3,3,,CHO-ydsmsv5r3b50,yes,1,yes,READY_FOR_NEW_UI
QST-w6g2sgj7apm1,140,3,3,,CHO-v2fgx9e1ezng,yes,1,yes,READY_FOR_NEW_UI
QST-7kszpvjs383j,277,3,3,,CHO-mn566aq7qqmm,yes,1,yes,READY_FOR_NEW_UI
QST-f2th6k9hk377,137,3,3,,CHO-yy4taqqh7m0f,yes,1,yes,READY_FOR_NEW_UI
QST-39ytp7h11m85,98,3,3,,CHO-eayr46y6a2tw,yes,1,yes,READY_FOR_NEW_UI
QST-j8hmpd45jp1s,200,3,3,,CHO-rnpnc9101kzd,yes,1,yes,READY_FOR_NEW_UI
QST-xa6bq0yg86z5,100,3,3,,CHO-b98pjs7aj28k,yes,1,yes,READY_FOR_NEW_UI
QST-d95psbyzz9x4,135,3,3,,CHO-8d84vzpsq48x,yes,1,yes,READY_FOR_NEW_UI
QST-dxvqjgxd3vyq,112,3,3,,CHO-xsvyjj99aw6n,yes,1,yes,READY_FOR_NEW_UI
QST-99x1vnm3rtx4,142,3,3,,CHO-nkkncxhkhbqp,yes,1,yes,READY_FOR_NEW_UI
QST-q1g70cf81t0a,130,3,3,,CHO-a3b2dsdf3gba,yes,1,yes,READY_FOR_NEW_UI
QST-3xhbezx2h2e2,121,3,3,,CHO-tvpv9maegc32,yes,1,yes,READY_FOR_NEW_UI
QST-9vdyrx07zz9j,121,3,3,,CHO-9jztjvp63xwm,yes,1,yes,READY_FOR_NEW_UI
QST-5a5z84vv3kvc,113,3,3,,CHO-9yh5e861tyy2,yes,1,yes,READY_FOR_NEW_UI
QST-tbsm9m352jya,203,3,3,,CHO-k5a1gbnmpaz0,yes,1,yes,READY_FOR_NEW_UI
QST-08dprb9gp7c9,156,3,3,,CHO-jfm4r69xm3r6,yes,1,yes,READY_FOR_NEW_UI
QST-x1q4fk8g682j,119,3,3,,CHO-p3cveetryv3j,yes,1,yes,READY_FOR_NEW_UI
QST-mpsdvd7w472c,141,3,3,,CHO-ec2qa0yns5wv,yes,1,yes,READY_FOR_NEW_UI
QST-4qhtngjnh5k3,129,3,3,,CHO-vdv67w7hjv06,yes,1,yes,READY_FOR_NEW_UI
QST-x48my0ncdjrc,246,3,3,,CHO-brpvea409yry,yes,1,yes,READY_FOR_NEW_UI
QST-k8ghfqjcs3kk,242,3,3,,CHO-nmcmqr6m516p,yes,1,yes,READY_FOR_NEW_UI
QST-my73tx1dk4vf,260,3,3,,CHO-5gs47w40720f,yes,1,yes,READY_FOR_NEW_UI
QST-cayjxkrtsp55,197,3,3,,CHO-9vfz1x9hpgvw,yes,1,yes,READY_FOR_NEW_UI
QST-x7skxav0fpzg,157,3,3,,CHO-h3vze7nt7ry2,yes,1,yes,READY_FOR_NEW_UI
QST-1kkdfwcv8b04,242,3,3,,CHO-gxr8rc1d3n0p,yes,1,yes,READY_FOR_NEW_UI
QST-5naehn50xrx3,255,3,3,,CHO-p5m26tyfjjr2,yes,1,yes,READY_FOR_NEW_UI
QST-rxnqtgnv8gnf,122,3,3,,CHO-16nmrk5dkyjk,yes,1,yes,READY_FOR_NEW_UI
QST-jfzfmtt469xk,122,3,3,,CHO-edh4cj94fyym,yes,1,yes,READY_FOR_NEW_UI
QST-jtsy60arwa1r,207,3,3,,CHO-31pwzp5feahq,yes,1,yes,READY_FOR_NEW_UI
QST-ymqf2vmf7842,140,3,3,,CHO-rjf5shfm0g98,yes,1,yes,READY_FOR_NEW_UI
QST-qvrh3419534q,119,3,3,,CHO-21wdpw6w941p,yes,1,yes,READY_FOR_NEW_UI
QST-vq3xt0e6a4qr,187,3,3,,CHO-7g812q28ntkr,yes,1,yes,READY_FOR_NEW_UI
QST-xeygxgdd5586,112,3,3,,CHO-bhd1zdsc4se4,yes,1,yes,READY_FOR_NEW_UI
QST-0a0tb3jj6h5v,170,3,3,,CHO-v5sfa7b0mjya,yes,1,yes,READY_FOR_NEW_UI
QST-k1ma4azm85yw,184,3,3,,CHO-5k7cx3dmx76g,yes,1,yes,READY_FOR_NEW_UI
QST-j0bscrddekrm,218,3,3,,CHO-n57tkqvezkwv,yes,1,yes,READY_FOR_NEW_UI
